Order ID,Order Date,Customer ID,Category,Product,Quantity,Unit Price,Discount,Sales,Profit,Region,Payment Mode,Customer Segment,Profit Margin %
ORD2029,2025-01-01,CUST1148,Home & Kitchen,Bedsheet,3,3270.95,0.1,8831.56,1531.9,North,Wallet,Corporate,0.1734574639135102
ORD1083,2025-01-02,CUST1215,Beauty,Shampoo,1,1566.09,0.05,1487.79,369.63,North,Debit Card,Consumer,0.2484423204887786
ORD1876,2025-01-02,CUST1216,Fashion,Sneakers,5,2233.15,0.05,10607.47,2461.05,West,Debit Card,Corporate,0.2320110261919195
ORD1479,2025-01-02,CUST1062,Fashion,T-Shirt,3,3254.03,0.0,9762.1,1650.48,North,Credit Card,Corporate,0.1690701795720183
ORD2004,2025-01-03,CUST1168,Electronics,Headphones,3,14006.93,0.0,42020.79,6415.53,West,Wallet,Home Office,0.152675140091369
ORD1325,2025-01-03,CUST1121,Home & Kitchen,Mixer,2,3428.3,0.1,6170.93,830.19,East,Debit Card,Home Office,0.1345323962514564
ORD2095,2025-01-03,CUST1223,Sports,Running Shoes,1,2861.75,0.1,2575.58,251.45,West,UPI,Consumer,0.0976284953292074
ORD1744,2025-01-04,CUST1159,Home & Kitchen,Bedsheet,2,5098.76,0.05,9687.64,1726.7,East,Debit Card,Corporate,0.1782374241817408
ORD1021,2025-01-04,CUST1030,Fashion,Jacket,5,2330.77,0.0,11653.84,1899.33,North,Credit Card,Consumer,0.1629788979426523
ORD2074,2025-01-04,CUST1245,Home & Kitchen,Table Lamp,3,5382.91,0.0,16148.73,1639.72,North,Credit Card,Consumer,0.1015386349267094
ORD1993,2025-01-04,CUST1091,Beauty,Face Wash,1,1329.47,0.0,1329.47,341.4,West,Credit Card,Home Office,0.2567940607911423
ORD1864,2025-01-05,CUST1119,Sports,Cricket Bat,2,2412.2,0.1,4341.96,795.78,South,UPI,Consumer,0.1832766768924633
ORD2057,2025-01-05,CUST1071,Beauty,Moisturizer,3,1733.71,0.1,4681.02,712.61,South,Wallet,Consumer,0.1522339148305283
ORD1573,2025-01-06,CUST1112,Beauty,Moisturizer,4,1593.41,0.05,6054.97,1306.64,East,COD,Corporate,0.2157962797503538
ORD2165,2025-01-06,CUST1028,Sports,Yoga Mat,1,3309.8,0.05,3144.31,480.24,North,COD,Home Office,0.1527330320483667
ORD1896,2025-01-06,CUST1199,Sports,Cricket Bat,2,2282.23,0.1,4108.02,533.28,East,Credit Card,Consumer,0.1298143631238406
ORD1875,2025-01-06,CUST1086,Home & Kitchen,Table Lamp,5,3891.77,0.1,17512.97,2539.61,West,Debit Card,Home Office,0.1450130960082727
ORD1908,2025-01-06,CUST1155,Home & Kitchen,Bedsheet,4,4442.06,0.05,16879.83,933.09,West,UPI,Consumer,0.0552784003156429
ORD1677,2025-01-07,CUST1004,Sports,Football,4,2382.22,0.2,7623.1,1176.83,South,COD,Home Office,0.1543768283244349
ORD1550,2025-01-08,CUST1214,Home & Kitchen,Cookware Set,1,4305.7,0.1,3875.13,558.85,South,UPI,Corporate,0.1442145166742793
ORD2000,2025-01-08,CUST1088,Fashion,Sneakers,3,2108.29,0.0,6324.88,909.81,North,UPI,Consumer,0.1438462073588748
ORD1905,2025-01-08,CUST1214,Sports,Football,5,2880.98,0.2,11523.9,2242.03,West,COD,Home Office,0.1945547948177266
ORD1996,2025-01-08,CUST1250,Electronics,Smartphone,3,23192.16,0.0,69576.48,8363.27,West,COD,Home Office,0.1202025454578903
ORD2161,2025-01-08,CUST1189,Electronics,Smartphone,3,17612.9,0.1,47554.83,7107.81,South,Debit Card,Home Office,0.1494655747901948
ORD1823,2025-01-08,CUST1054,Electronics,Headphones,4,20432.92,0.1,73558.51,11561.91,North,UPI,Home Office,0.1571797743048357
ORD1851,2025-01-08,CUST1021,Home & Kitchen,Mixer,3,2195.18,0.0,6585.55,980.2,West,Debit Card,Consumer,0.1488410231491675
ORD1506,2025-01-08,CUST1167,Electronics,Laptop,3,20565.79,0.15,52442.77,8533.95,North,Wallet,Corporate,0.1627288184815562
ORD1145,2025-01-08,CUST1175,Sports,Running Shoes,4,3608.78,0.05,13713.35,1670.2,West,Credit Card,Corporate,0.1217937265511344
ORD1252,2025-01-08,CUST1045,Home & Kitchen,Mixer,1,4100.11,0.05,3895.1,675.89,South,UPI,Consumer,0.1735231444635567
ORD1646,2025-01-09,CUST1127,Beauty,Perfume,5,1709.81,0.05,8121.59,1858.51,North,Wallet,Corporate,0.2288357329045174
ORD1995,2025-01-09,CUST1212,Fashion,Jacket,3,1700.49,0.1,4591.33,807.38,West,UPI,Corporate,0.1758488281173429
ORD1151,2025-01-09,CUST1081,Electronics,Smartwatch,5,9984.94,0.1,44932.24,7372.4,South,Credit Card,Consumer,0.1640781763829268
ORD1384,2025-01-09,CUST1028,Fashion,Jeans,2,1297.0,0.0,2594.0,634.17,West,Debit Card,Corporate,0.2444757131842714
ORD2022,2025-01-09,CUST1125,Sports,Running Shoes,4,3333.52,0.05,12667.37,1907.48,West,UPI,Consumer,0.150582165042941
ORD1340,2025-01-10,CUST1116,Beauty,Moisturizer,2,580.91,0.1,1045.64,263.69,North,UPI,Home Office,0.2521804827665353
ORD1309,2025-01-10,CUST1031,Sports,Cricket Bat,3,2069.21,0.2,4966.1,622.09,North,UPI,Consumer,0.1252673123779223
ORD1907,2025-01-10,CUST1193,Electronics,Smartphone,5,26641.73,0.05,126548.21,18324.97,East,Debit Card,Corporate,0.1448062362952427
ORD1973,2025-01-10,CUST1122,Sports,Running Shoes,5,2267.22,0.0,11336.1,2287.82,South,Credit Card,Home Office,0.2018172034473937
ORD1361,2025-01-11,CUST1106,Sports,Cricket Bat,5,2809.79,0.2,11239.16,2016.14,North,Debit Card,Corporate,0.1793852921392702
ORD1053,2025-01-12,CUST1243,Home & Kitchen,Bedsheet,4,3324.12,0.15,11302.02,1200.19,North,Debit Card,Consumer,0.1061925213368937
ORD2198,2025-01-12,CUST1172,Beauty,Perfume,5,1714.44,0.05,8143.61,2114.62,South,UPI,Home Office,0.2596661677069506
ORD1566,2025-01-12,CUST1240,Electronics,Smartwatch,3,13624.39,0.2,32698.55,3992.66,South,Debit Card,Consumer,0.1221051086363156
ORD1826,2025-01-12,CUST1009,Fashion,Jacket,3,2804.96,0.05,7994.13,1578.57,West,Wallet,Consumer,0.1974661407807979
ORD1713,2025-01-12,CUST1060,Home & Kitchen,Bedsheet,1,5040.72,0.15,4284.61,769.99,North,Debit Card,Corporate,0.1797106387745909
ORD1010,2025-01-12,CUST1054,Fashion,Sneakers,5,1978.64,0.15,8409.22,1180.11,South,Wallet,Consumer,0.1403352510696592
ORD2011,2025-01-13,CUST1035,Electronics,Smartwatch,3,25866.97,0.2,62080.73,8536.16,East,UPI,Corporate,0.1375009604429587
ORD2125,2025-01-13,CUST1145,Beauty,Perfume,5,1409.08,0.15,5988.61,1370.46,East,Debit Card,Consumer,0.2288444229963213
ORD1337,2025-01-13,CUST1202,Home & Kitchen,Mixer,5,4583.64,0.05,21772.31,3189.42,East,Debit Card,Consumer,0.1464897385716076
ORD2158,2025-01-13,CUST1180,Electronics,Headphones,4,10698.85,0.1,38515.88,3026.17,South,Credit Card,Consumer,0.0785694108507971
ORD2156,2025-01-13,CUST1123,Electronics,Headphones,3,11064.5,0.05,31533.82,4605.14,West,Credit Card,Consumer,0.1460381266843027
ORD2197,2025-01-14,CUST1218,Electronics,Smartphone,3,8275.83,0.1,22344.74,3852.15,North,Debit Card,Home Office,0.172396277602693
ORD1581,2025-01-14,CUST1053,Beauty,Shampoo,2,1215.9,0.0,2431.79,442.84,North,UPI,Corporate,0.1821045402769153
ORD2182,2025-01-14,CUST1177,Beauty,Perfume,1,1532.62,0.0,1532.62,349.65,West,Debit Card,Consumer,0.228138742806436
ORD1834,2025-01-14,CUST1116,Sports,Football,5,1941.58,0.1,8737.1,1404.46,North,UPI,Consumer,0.1607467008503965
ORD2153,2025-01-14,CUST1009,Electronics,Smartphone,2,11709.25,0.0,23418.5,3504.25,West,COD,Consumer,0.1496359715609454
ORD1725,2025-01-15,CUST1045,Electronics,Smartphone,3,11556.14,0.15,29468.15,4407.2,West,UPI,Consumer,0.1495580822006132
ORD1893,2025-01-15,CUST1091,Electronics,Headphones,4,22749.91,0.15,77349.71,10070.46,West,Debit Card,Home Office,0.130193894715313
ORD1708,2025-01-16,CUST1037,Sports,Football,3,3115.01,0.15,7943.27,1020.02,North,UPI,Corporate,0.1284131094624757
ORD2060,2025-01-16,CUST1038,Electronics,Laptop,2,18493.99,0.0,36987.98,4569.25,East,COD,Home Office,0.1235333748963852
ORD1871,2025-01-16,CUST1232,Electronics,Headphones,4,25197.14,0.0,100788.56,7793.02,North,UPI,Home Office,0.0773204816102145
ORD1055,2025-01-16,CUST1171,Beauty,Moisturizer,1,1418.7,0.1,1276.83,314.87,West,Wallet,Home Office,0.2466029150317583
ORD1125,2025-01-16,CUST1097,Electronics,Smartwatch,2,10488.98,0.15,17831.26,1521.09,West,Credit Card,Consumer,0.0853046840212077
ORD1038,2025-01-16,CUST1060,Sports,Yoga Mat,5,2028.11,0.1,9126.51,1674.76,North,Credit Card,Consumer,0.1835049761628486
ORD1792,2025-01-17,CUST1161,Home & Kitchen,Table Lamp,2,3677.3,0.0,7354.6,1004.69,South,Credit Card,Consumer,0.1366070214559595
ORD1478,2025-01-17,CUST1218,Electronics,Laptop,3,25580.38,0.2,61392.91,7326.83,West,COD,Consumer,0.1193432596695611
ORD1750,2025-01-18,CUST1098,Beauty,Shampoo,1,1592.0,0.1,1432.8,315.84,East,Credit Card,Corporate,0.2204355108877722
ORD1119,2025-01-18,CUST1147,Fashion,Sneakers,2,1579.5,0.0,3159.01,562.16,West,Wallet,Corporate,0.1779544857407858
ORD1192,2025-01-18,CUST1016,Fashion,Sneakers,5,1462.2,0.1,6579.9,1243.32,North,Credit Card,Corporate,0.1889572789860028
ORD1102,2025-01-18,CUST1230,Electronics,Headphones,1,8283.34,0.0,8283.34,1310.8,North,UPI,Consumer,0.1582453454765831
ORD1990,2025-01-18,CUST1161,Electronics,Headphones,4,15414.6,0.05,58575.48,8877.6,East,Debit Card,Consumer,0.1515582970894989
ORD1688,2025-01-18,CUST1013,Sports,Running Shoes,5,1851.71,0.0,9258.56,1568.17,North,Wallet,Corporate,0.1693751512114195
ORD1630,2025-01-19,CUST1160,Beauty,Face Wash,2,816.45,0.0,1632.9,381.44,North,Credit Card,Consumer,0.2335966685038887
ORD1132,2025-01-19,CUST1199,Fashion,Sneakers,1,2496.96,0.1,2247.26,436.6,South,Wallet,Consumer,0.1942810355722079
ORD1347,2025-01-19,CUST1022,Beauty,Perfume,2,1621.42,0.05,3080.7,719.7,West,Credit Card,Consumer,0.2336157366832214
ORD1676,2025-01-19,CUST1104,Home & Kitchen,Cookware Set,1,4593.12,0.05,4363.46,485.12,West,Wallet,Consumer,0.1111778267704986
ORD1901,2025-01-20,CUST1126,Sports,Running Shoes,3,2476.4,0.1,6686.27,551.63,South,COD,Consumer,0.0825019031537763
ORD1551,2025-01-20,CUST1197,Beauty,Face Wash,2,876.88,0.0,1753.75,352.58,South,Debit Card,Consumer,0.2010434782608695
ORD1932,2025-01-20,CUST1133,Sports,Cricket Bat,3,1486.72,0.2,3568.14,593.66,North,Credit Card,Home Office,0.1663780008631948
ORD1883,2025-01-20,CUST1184,Fashion,Jacket,2,2970.17,0.0,5940.35,887.85,North,COD,Consumer,0.1494608903515786
ORD1323,2025-01-21,CUST1220,Electronics,Smartphone,4,23095.52,0.15,78524.76,12380.36,East,Debit Card,Corporate,0.1576618635956353
ORD1085,2025-01-21,CUST1165,Fashion,T-Shirt,2,1254.46,0.1,2258.03,293.93,North,COD,Consumer,0.1301709897565577
ORD1651,2025-01-21,CUST1159,Fashion,Jeans,2,3140.87,0.1,5653.56,1260.49,South,Credit Card,Home Office,0.2229550937816172
ORD1890,2025-01-22,CUST1205,Home & Kitchen,Table Lamp,5,3331.57,0.05,15824.94,3077.75,West,Debit Card,Consumer,0.1944873092725786
ORD1212,2025-01-22,CUST1101,Electronics,Headphones,4,24615.59,0.1,88616.14,9260.27,West,COD,Consumer,0.1044986838740662
ORD1882,2025-01-23,CUST1145,Beauty,Perfume,4,1586.06,0.05,6027.01,1873.04,West,Wallet,Home Office,0.3107743308871231
ORD1627,2025-01-24,CUST1105,Home & Kitchen,Bedsheet,1,3847.92,0.1,3463.13,512.92,South,Debit Card,Consumer,0.1481087917577451
ORD2076,2025-01-24,CUST1248,Fashion,Sneakers,5,1097.94,0.15,4666.24,1016.67,North,Wallet,Corporate,0.2178777773967905
ORD1418,2025-01-24,CUST1160,Sports,Cricket Bat,3,3524.05,0.1,9514.93,2039.69,West,Credit Card,Consumer,0.2143673153664819
ORD1353,2025-01-25,CUST1191,Fashion,Sneakers,3,1944.51,0.1,5250.18,1135.82,West,Credit Card,Consumer,0.2163392493209756
ORD1576,2025-01-25,CUST1211,Sports,Football,1,1476.56,0.0,1476.56,262.7,South,COD,Corporate,0.1779135287424825
ORD1530,2025-01-27,CUST1117,Fashion,T-Shirt,1,3386.87,0.2,2709.5,427.35,North,Debit Card,Corporate,0.1577228270898689
ORD1524,2025-01-27,CUST1048,Electronics,Laptop,5,20144.35,0.0,100721.77,13416.48,North,Credit Card,Consumer,0.1332033779787626
ORD1440,2025-01-27,CUST1235,Home & Kitchen,Cookware Set,5,3677.31,0.1,16547.89,2911.52,West,Debit Card,Consumer,0.1759450902803922
ORD1476,2025-01-27,CUST1199,Beauty,Face Wash,4,1070.24,0.1,3852.87,933.38,West,Wallet,Home Office,0.2422557729692411
ORD1895,2025-01-27,CUST1116,Electronics,Smartwatch,3,18845.22,0.15,48055.32,7241.31,West,UPI,Corporate,0.1506869582805816
ORD1884,2025-01-27,CUST1230,Electronics,Smartphone,5,14265.38,0.1,64194.2,12218.49,North,COD,Home Office,0.1903363543746943
ORD1705,2025-01-27,CUST1010,Beauty,Perfume,4,982.79,0.0,3931.15,856.55,West,Wallet,Corporate,0.217887895399565
ORD1318,2025-01-27,CUST1190,Beauty,Face Wash,2,1014.15,0.0,2028.3,503.85,East,UPI,Home Office,0.2484099985209288
ORD1839,2025-01-29,CUST1081,Sports,Cricket Bat,4,2336.14,0.1,8410.11,1325.39,West,Wallet,Consumer,0.1575948471541989
ORD1105,2025-01-29,CUST1075,Sports,Running Shoes,2,2240.67,0.1,4033.2,748.11,West,Credit Card,Corporate,0.1854879500148765
ORD1069,2025-01-29,CUST1226,Sports,Cricket Bat,2,1792.82,0.05,3406.36,360.74,South,UPI,Corporate,0.1059019011496142
ORD1463,2025-01-30,CUST1077,Fashion,Sneakers,5,2683.95,0.1,12077.79,2019.0,East,COD,Home Office,0.1671663441738927
ORD1793,2025-01-30,CUST1019,Sports,Cricket Bat,1,2216.04,0.1,1994.43,515.55,South,COD,Consumer,0.2584949083196702
ORD1400,2025-01-30,CUST1074,Electronics,Laptop,2,25708.18,0.1,46274.72,8607.17,West,Debit Card,Consumer,0.1860015576539415
ORD1639,2025-01-30,CUST1052,Sports,Yoga Mat,3,2603.64,0.1,7029.83,1260.35,East,COD,Home Office,0.1792859855785986
ORD2108,2025-01-30,CUST1054,Beauty,Moisturizer,1,1444.12,0.15,1227.5,299.1,East,UPI,Corporate,0.2436659877800407
ORD1951,2025-01-30,CUST1095,Fashion,Sneakers,4,2390.1,0.15,8126.33,2022.83,West,Wallet,Home Office,0.2489229455362999
ORD1158,2025-02-01,CUST1044,Electronics,Smartwatch,1,24397.53,0.05,23177.65,3794.02,North,Wallet,Consumer,0.1636930404937515
ORD1757,2025-02-01,CUST1044,Fashion,Sneakers,1,3060.57,0.1,2754.51,535.52,East,UPI,Corporate,0.1944157037004766
ORD1836,2025-02-01,CUST1141,Fashion,Jeans,1,2211.29,0.2,1769.03,189.35,West,Credit Card,Home Office,0.107036059309339
ORD1129,2025-02-02,CUST1042,Electronics,Smartwatch,3,11338.82,0.1,30614.82,2746.75,West,Credit Card,Home Office,0.0897196194522783
ORD1190,2025-02-02,CUST1195,Fashion,T-Shirt,3,2069.5,0.15,5277.22,1222.78,North,UPI,Consumer,0.2317091195743213
ORD1729,2025-02-02,CUST1194,Beauty,Face Wash,1,1023.33,0.15,869.83,178.29,South,Wallet,Home Office,0.2049710863042203
ORD1115,2025-02-02,CUST1195,Home & Kitchen,Bedsheet,4,4589.4,0.1,16521.83,1826.12,West,Wallet,Home Office,0.1105277078870802
ORD2173,2025-02-02,CUST1012,Electronics,Laptop,3,22708.53,0.15,57906.75,7563.97,East,COD,Corporate,0.1306232865771261
ORD2199,2025-02-02,CUST1153,Fashion,Sneakers,2,2965.19,0.05,5633.86,1385.5,East,Wallet,Corporate,0.2459237538738982
ORD1498,2025-02-02,CUST1063,Home & Kitchen,Mixer,2,4949.12,0.05,9403.33,1269.15,East,Wallet,Consumer,0.1349681442637874
ORD1559,2025-02-03,CUST1135,Sports,Cricket Bat,4,3573.33,0.0,14293.32,2709.27,West,Debit Card,Home Office,0.1895479846529707
ORD1003,2025-02-03,CUST1176,Home & Kitchen,Mixer,3,4761.38,0.1,12855.73,1845.18,North,Credit Card,Consumer,0.1435297723272035
ORD1286,2025-02-04,CUST1009,Beauty,Face Wash,1,1556.65,0.1,1400.98,376.91,East,Debit Card,Home Office,0.2690331053976502
ORD1017,2025-02-04,CUST1048,Electronics,Headphones,4,16332.99,0.0,65331.95,11601.1,North,Credit Card,Corporate,0.1775716169500527
ORD1950,2025-02-04,CUST1181,Beauty,Shampoo,3,987.87,0.1,2667.25,719.83,West,Credit Card,Corporate,0.2698772143593589
ORD1546,2025-02-04,CUST1182,Sports,Yoga Mat,1,4079.21,0.1,3671.29,817.98,East,COD,Home Office,0.2228045183028308
ORD1154,2025-02-05,CUST1134,Sports,Running Shoes,2,1467.96,0.0,2935.91,499.42,North,UPI,Corporate,0.170107394300234
ORD1544,2025-02-06,CUST1209,Electronics,Laptop,3,11791.81,0.0,35375.44,5707.21,West,Credit Card,Corporate,0.1613325516233861
ORD1778,2025-02-06,CUST1249,Fashion,Sneakers,4,3079.91,0.0,12319.65,2214.13,West,Debit Card,Consumer,0.1797234499356718
ORD1155,2025-02-06,CUST1017,Sports,Running Shoes,1,3795.23,0.0,3795.23,612.79,East,Wallet,Consumer,0.1614632051285429
ORD1018,2025-02-07,CUST1043,Electronics,Headphones,4,26417.38,0.1,95102.56,7780.91,East,COD,Corporate,0.0818159889702233
ORD1698,2025-02-07,CUST1120,Fashion,Sneakers,1,1140.38,0.05,1083.36,159.49,West,Debit Card,Home Office,0.1472179146359474
ORD1096,2025-02-07,CUST1239,Home & Kitchen,Cookware Set,2,3549.02,0.05,6743.14,1236.17,East,Wallet,Home Office,0.1833226063821899
ORD1370,2025-02-07,CUST1088,Electronics,Smartwatch,2,12389.34,0.1,22300.82,2442.2,East,COD,Corporate,0.1095116681808112
ORD1294,2025-02-08,CUST1114,Electronics,Headphones,4,25376.13,0.05,96429.29,14577.68,West,Wallet,Consumer,0.1511748142084215
ORD1436,2025-02-08,CUST1009,Fashion,Jacket,3,1657.04,0.0,4971.11,799.39,East,Wallet,Corporate,0.1608071436761608
ORD1543,2025-02-08,CUST1039,Fashion,Sneakers,2,3224.2,0.1,5803.56,904.42,East,UPI,Home Office,0.155838829959542
ORD1375,2025-02-09,CUST1244,Fashion,Jeans,5,2633.53,0.0,13167.66,2050.12,South,Wallet,Home Office,0.1556935704597475
ORD1202,2025-02-10,CUST1039,Fashion,Sneakers,5,1468.35,0.05,6974.68,1392.95,West,UPI,Home Office,0.199715255753669
ORD1595,2025-02-10,CUST1113,Sports,Football,4,1992.53,0.15,6774.61,629.4,East,Debit Card,Home Office,0.0929057170818689
ORD1098,2025-02-10,CUST1016,Electronics,Smartwatch,4,21924.16,0.0,87696.63,13114.96,South,Debit Card,Corporate,0.1495491902026337
ORD1878,2025-02-11,CUST1040,Electronics,Smartwatch,2,22596.75,0.0,45193.5,7114.64,North,UPI,Consumer,0.1574261785433746
ORD1971,2025-02-11,CUST1203,Beauty,Perfume,5,1241.34,0.05,5896.39,1138.12,South,COD,Home Office,0.1930197968587559
ORD1477,2025-02-11,CUST1058,Sports,Football,3,2161.19,0.15,5511.04,736.93,West,Wallet,Corporate,0.1337188625014516
ORD1603,2025-02-11,CUST1231,Home & Kitchen,Bedsheet,1,4907.9,0.0,4907.9,1063.93,East,UPI,Consumer,0.2167790704782086
ORD1130,2025-02-13,CUST1081,Electronics,Laptop,1,20140.96,0.05,19133.91,2681.19,West,Debit Card,Corporate,0.1401276581733686
ORD1014,2025-02-13,CUST1228,Electronics,Laptop,2,21954.2,0.05,41712.98,7319.5,West,Credit Card,Home Office,0.1754729582973932
ORD1982,2025-02-13,CUST1138,Electronics,Headphones,3,10645.03,0.0,31935.08,2890.53,West,Wallet,Consumer,0.0905126901200811
ORD1672,2025-02-13,CUST1069,Home & Kitchen,Table Lamp,3,3689.69,0.1,9962.16,911.67,West,Debit Card,Consumer,0.0915132862752656
ORD1285,2025-02-14,CUST1232,Electronics,Laptop,4,14207.5,0.15,48305.5,3222.7,West,Wallet,Corporate,0.0667149703449917
ORD1223,2025-02-14,CUST1047,Beauty,Face Wash,4,1501.45,0.05,5705.53,1256.87,West,Debit Card,Home Office,0.22028978902924
ORD2033,2025-02-14,CUST1198,Sports,Yoga Mat,2,3389.57,0.0,6779.13,728.54,West,UPI,Home Office,0.1074680674363819
ORD1233,2025-02-14,CUST1015,Electronics,Laptop,3,12090.39,0.15,30830.5,3381.07,East,Credit Card,Home Office,0.1096664017774606
ORD1467,2025-02-15,CUST1213,Beauty,Perfume,5,1752.96,0.1,7888.32,1382.24,West,UPI,Consumer,0.175226157153868
ORD1170,2025-02-16,CUST1049,Home & Kitchen,Cookware Set,2,1972.64,0.15,3353.49,385.5,South,Debit Card,Corporate,0.1149548679137257
ORD1204,2025-02-16,CUST1177,Fashion,Jeans,5,1159.23,0.05,5506.36,1053.36,East,Debit Card,Home Office,0.1912987890366775
ORD1987,2025-02-16,CUST1136,Home & Kitchen,Mixer,2,4457.69,0.0,8915.38,927.78,South,UPI,Consumer,0.1040651099560534
ORD1002,2025-02-16,CUST1093,Beauty,Perfume,3,1763.33,0.1,4760.99,1235.26,South,Debit Card,Corporate,0.2594544411981542
ORD1509,2025-02-17,CUST1197,Fashion,Jeans,2,2500.96,0.05,4751.82,1320.96,West,Debit Card,Corporate,0.2779903279164615
ORD1134,2025-02-17,CUST1159,Home & Kitchen,Table Lamp,4,3087.77,0.15,10498.42,1207.42,North,Debit Card,Home Office,0.1150096871719744
ORD1274,2025-02-17,CUST1237,Home & Kitchen,Mixer,4,2598.37,0.1,9354.12,1186.94,North,Debit Card,Corporate,0.1268895417206535
ORD1855,2025-02-17,CUST1149,Fashion,Jeans,3,1984.99,0.05,5657.22,616.66,North,Wallet,Corporate,0.1090040691364309
ORD1983,2025-02-18,CUST1163,Fashion,T-Shirt,2,3060.15,0.15,5202.25,920.91,West,Credit Card,Corporate,0.177021481089913
ORD1611,2025-02-18,CUST1114,Home & Kitchen,Mixer,5,2274.99,0.05,10806.2,1743.27,South,COD,Corporate,0.161321278525291
ORD1622,2025-02-18,CUST1219,Electronics,Laptop,4,26793.48,0.0,107173.92,13547.8,North,Credit Card,Home Office,0.1264094846955304
ORD2170,2025-02-19,CUST1045,Beauty,Shampoo,1,909.74,0.0,909.74,217.34,South,Credit Card,Home Office,0.2389034229560094
ORD1090,2025-02-19,CUST1250,Home & Kitchen,Bedsheet,1,4273.39,0.1,3846.05,599.04,East,Debit Card,Home Office,0.1557546053743451
ORD1437,2025-02-19,CUST1183,Electronics,Headphones,3,16680.8,0.05,47540.29,3988.99,North,Debit Card,Corporate,0.0839075655617582
ORD1850,2025-02-19,CUST1080,Fashion,Jeans,5,1312.71,0.1,5907.17,1030.93,East,Debit Card,Home Office,0.1745218099360607
ORD1046,2025-02-20,CUST1201,Sports,Yoga Mat,1,3088.54,0.1,2779.69,404.55,West,Wallet,Home Office,0.1455378117703772
ORD1343,2025-02-20,CUST1089,Sports,Cricket Bat,5,3835.5,0.0,19177.48,3718.2,North,UPI,Corporate,0.1938836593754758
ORD1445,2025-02-20,CUST1224,Sports,Running Shoes,3,2469.55,0.0,7408.64,762.43,West,UPI,Consumer,0.1029109256219765
ORD2110,2025-02-21,CUST1013,Beauty,Perfume,1,1733.17,0.15,1473.2,286.17,North,COD,Consumer,0.1942506109150149
ORD1234,2025-02-21,CUST1226,Home & Kitchen,Mixer,1,5124.31,0.05,4868.09,833.52,West,Credit Card,Consumer,0.171221156552159
ORD1424,2025-02-22,CUST1049,Sports,Cricket Bat,2,1342.72,0.1,2416.89,305.24,South,Credit Card,Corporate,0.1262945355394742
ORD1028,2025-02-22,CUST1058,Home & Kitchen,Cookware Set,1,2082.52,0.1,1874.26,146.65,North,Credit Card,Corporate,0.0782442137163467
ORD1727,2025-02-22,CUST1162,Fashion,Jacket,4,2244.48,0.0,8977.92,1590.76,North,UPI,Corporate,0.1771858069575135
ORD1513,2025-02-22,CUST1222,Fashion,Jacket,3,1187.09,0.05,3383.21,658.75,East,COD,Consumer,0.1947115313563154
ORD1828,2025-02-23,CUST1029,Home & Kitchen,Mixer,4,3444.34,0.05,13088.49,2903.2,South,Debit Card,Corporate,0.2218132114552557
ORD1685,2025-02-23,CUST1106,Electronics,Headphones,1,12403.17,0.0,12403.17,1589.53,South,Credit Card,Corporate,0.1281551409841193
ORD1734,2025-02-23,CUST1111,Electronics,Laptop,4,13041.23,0.05,49556.68,5005.25,East,UPI,Consumer,0.1010005109301107
ORD1805,2025-02-24,CUST1235,Beauty,Shampoo,3,837.32,0.0,2511.96,603.13,West,UPI,Corporate,0.240103345594675
ORD1314,2025-02-24,CUST1013,Sports,Football,5,2731.16,0.15,11607.42,2174.82,West,Wallet,Home Office,0.1873646340013543
ORD1747,2025-02-24,CUST1070,Sports,Cricket Bat,3,3125.22,0.0,9375.67,1270.35,West,Credit Card,Corporate,0.1354943166728351
ORD2065,2025-02-24,CUST1056,Home & Kitchen,Table Lamp,3,4345.89,0.1,11733.91,2332.1,West,UPI,Corporate,0.198748754677682
ORD1099,2025-02-25,CUST1069,Fashion,Jeans,1,3077.89,0.0,3077.89,531.32,North,Debit Card,Consumer,0.172624752671473
ORD2124,2025-02-25,CUST1050,Electronics,Smartwatch,3,9663.01,0.2,23191.21,2850.7,West,Debit Card,Corporate,0.1229215724405927
ORD2151,2025-02-25,CUST1095,Fashion,T-Shirt,1,2354.46,0.05,2236.74,380.83,South,Credit Card,Home Office,0.170261183686973
ORD1840,2025-02-25,CUST1127,Sports,Running Shoes,1,2897.02,0.1,2607.32,493.16,East,COD,Corporate,0.1891444088182501
ORD2028,2025-02-25,CUST1110,Beauty,Shampoo,5,981.39,0.0,4906.97,1130.86,East,Debit Card,Corporate,0.2304599375989663
ORD1613,2025-02-25,CUST1138,Electronics,Smartwatch,5,21468.38,0.05,101974.81,15417.92,South,Credit Card,Corporate,0.1511934172762861
ORD1019,2025-02-25,CUST1168,Fashion,T-Shirt,5,2884.22,0.0,14421.1,3603.62,South,Debit Card,Corporate,0.2498852376032341
ORD1937,2025-02-26,CUST1083,Sports,Running Shoes,2,2830.83,0.05,5378.58,686.14,South,Credit Card,Corporate,0.1275689866098487
ORD1063,2025-02-27,CUST1244,Home & Kitchen,Table Lamp,1,3130.53,0.05,2974.01,662.3,South,UPI,Home Office,0.2226959559651783
ORD1057,2025-02-27,CUST1062,Electronics,Smartphone,1,23969.34,0.0,23969.34,1158.28,East,UPI,Home Office,0.0483233998099238
ORD2190,2025-02-27,CUST1126,Home & Kitchen,Cookware Set,1,2844.16,0.2,2275.33,279.1,South,COD,Corporate,0.1226635257303336
ORD1629,2025-02-28,CUST1096,Beauty,Shampoo,2,993.11,0.0,1986.21,367.26,West,COD,Home Office,0.1849049194193967
ORD1430,2025-03-01,CUST1239,Electronics,Headphones,3,13740.32,0.05,39159.91,4206.94,North,COD,Home Office,0.1074297668201995
ORD2094,2025-03-01,CUST1164,Beauty,Face Wash,3,844.74,0.0,2534.21,545.88,West,Credit Card,Corporate,0.2154044061068341
ORD1956,2025-03-01,CUST1132,Fashion,Jeans,2,1645.49,0.1,2961.88,686.34,East,Credit Card,Home Office,0.2317244452847515
ORD1104,2025-03-01,CUST1214,Beauty,Shampoo,5,875.63,0.15,3721.42,686.5,West,Wallet,Corporate,0.1844725937948417
ORD1515,2025-03-01,CUST1039,Sports,Cricket Bat,1,4337.04,0.05,4120.19,706.58,North,Wallet,Consumer,0.1714920913841352
ORD1608,2025-03-01,CUST1213,Sports,Running Shoes,3,1847.18,0.15,4710.31,1095.13,South,Wallet,Corporate,0.232496374973197
ORD1419,2025-03-02,CUST1012,Fashion,T-Shirt,3,1289.57,0.0,3868.7,546.23,South,UPI,Home Office,0.1411921317238348
ORD1500,2025-03-02,CUST1082,Sports,Cricket Bat,3,1532.24,0.0,4596.73,879.72,West,Debit Card,Home Office,0.1913795241399865
ORD1012,2025-03-02,CUST1023,Sports,Football,1,3484.87,0.05,3310.62,508.41,North,Wallet,Corporate,0.1535694220417928
ORD1557,2025-03-02,CUST1152,Sports,Cricket Bat,1,1508.78,0.1,1357.9,257.0,South,Wallet,Home Office,0.1892628323146034
ORD1892,2025-03-02,CUST1152,Home & Kitchen,Cookware Set,3,2180.78,0.0,6542.33,1222.71,East,Wallet,Consumer,0.186892131702314
ORD1036,2025-03-02,CUST1039,Sports,Yoga Mat,3,1615.71,0.0,4847.13,778.82,South,UPI,Consumer,0.1606765240461881
ORD1791,2025-03-03,CUST1060,Home & Kitchen,Cookware Set,1,2993.23,0.1,2693.91,458.06,East,Debit Card,Corporate,0.1700353760890304
ORD1203,2025-03-03,CUST1098,Beauty,Moisturizer,4,1012.14,0.05,3846.14,890.35,North,Credit Card,Consumer,0.2314918333706001
ORD1411,2025-03-03,CUST1067,Fashion,Jacket,5,3324.29,0.05,15790.36,3064.4,West,UPI,Consumer,0.1940677729956758
ORD1237,2025-03-03,CUST1189,Beauty,Shampoo,3,1591.47,0.05,4535.7,936.16,North,Credit Card,Home Office,0.2063981303878122
ORD1137,2025-03-04,CUST1224,Beauty,Perfume,2,1023.56,0.1,1842.41,398.25,West,Debit Card,Consumer,0.2161570985828344
ORD1809,2025-03-05,CUST1131,Electronics,Smartphone,1,9749.13,0.0,9749.13,1493.69,East,Debit Card,Consumer,0.1532126456412008
ORD1740,2025-03-05,CUST1062,Electronics,Laptop,4,21212.92,0.0,84851.69,9280.7,West,Debit Card,Home Office,0.109375546910144
ORD1427,2025-03-05,CUST1153,Beauty,Shampoo,4,1319.08,0.0,5276.33,1720.67,West,UPI,Home Office,0.326111141645803
ORD1219,2025-03-05,CUST1135,Electronics,Smartphone,1,13830.71,0.1,12447.64,1523.36,South,Wallet,Corporate,0.1223814313395953
ORD1435,2025-03-05,CUST1105,Fashion,Sneakers,4,2693.97,0.15,9159.49,2021.7,East,Debit Card,Consumer,0.2207218960881009
ORD1108,2025-03-05,CUST1248,Beauty,Face Wash,1,545.29,0.0,545.29,154.27,South,Debit Card,Corporate,0.2829136789598195
ORD2146,2025-03-06,CUST1235,Beauty,Moisturizer,1,1333.39,0.0,1333.39,285.03,West,COD,Corporate,0.2137634150548601
ORD1926,2025-03-06,CUST1099,Fashion,Jeans,3,1222.07,0.1,3299.6,601.45,East,Debit Card,Corporate,0.1822796702630622
ORD2121,2025-03-06,CUST1163,Home & Kitchen,Bedsheet,1,4971.53,0.1,4474.38,683.42,North,COD,Consumer,0.152740714914692
ORD1405,2025-03-06,CUST1122,Fashion,Jacket,3,3213.17,0.0,9639.51,1704.84,East,UPI,Home Office,0.1768596121587093
ORD1702,2025-03-06,CUST1240,Beauty,Perfume,4,939.52,0.2,3006.45,655.82,West,Wallet,Consumer,0.218137670674716
ORD1126,2025-03-07,CUST1113,Sports,Yoga Mat,1,2015.4,0.1,1813.86,381.84,South,Debit Card,Home Office,0.210512387946148
ORD1159,2025-03-07,CUST1114,Sports,Yoga Mat,3,3955.26,0.2,9492.62,799.46,South,UPI,Corporate,0.08421910916059
ORD2174,2025-03-07,CUST1017,Sports,Yoga Mat,1,2971.32,0.0,2971.32,381.92,West,Wallet,Corporate,0.1285354657189397
ORD1703,2025-03-07,CUST1159,Beauty,Face Wash,4,945.41,0.1,3403.49,617.8,East,Debit Card,Corporate,0.1815195578656026
ORD1808,2025-03-08,CUST1131,Electronics,Smartphone,1,20491.7,0.05,19467.11,1739.47,West,UPI,Home Office,0.0893543006640431
ORD1364,2025-03-08,CUST1177,Home & Kitchen,Table Lamp,2,3789.89,0.0,7579.77,1257.41,East,Debit Card,Consumer,0.1658902578838144
ORD1244,2025-03-08,CUST1024,Home & Kitchen,Bedsheet,1,1577.19,0.05,1498.33,208.98,North,Debit Card,Home Office,0.1394752824811623
ORD1490,2025-03-09,CUST1088,Home & Kitchen,Mixer,3,5241.3,0.1,14151.51,2157.46,North,COD,Consumer,0.1524544023923948
ORD2145,2025-03-09,CUST1190,Fashion,T-Shirt,4,1158.93,0.0,4635.72,820.2,East,Debit Card,Corporate,0.1769304444617017
ORD1404,2025-03-09,CUST1095,Electronics,Laptop,5,26400.75,0.1,118803.38,16766.72,East,Credit Card,Home Office,0.141129991419436
ORD1706,2025-03-09,CUST1107,Fashion,Jacket,2,1597.21,0.05,3034.7,557.95,South,COD,Corporate,0.1838567238936303
ORD1195,2025-03-09,CUST1226,Beauty,Shampoo,4,1113.88,0.0,4455.53,1082.31,East,UPI,Home Office,0.2429138620994584
ORD1196,2025-03-10,CUST1125,Sports,Running Shoes,3,2860.21,0.1,7722.57,1193.91,North,Credit Card,Home Office,0.1546000877946072
ORD1226,2025-03-10,CUST1241,Home & Kitchen,Table Lamp,3,4354.07,0.15,11102.88,2593.0,West,Credit Card,Corporate,0.2335430086608159
ORD1720,2025-03-10,CUST1118,Fashion,Sneakers,2,1065.69,0.2,1705.11,327.15,West,UPI,Corporate,0.191864454492672
ORD1235,2025-03-10,CUST1132,Electronics,Smartphone,1,27698.5,0.0,27698.5,3695.43,North,Wallet,Home Office,0.1334162499774356
ORD1716,2025-03-10,CUST1195,Beauty,Moisturizer,1,653.52,0.0,653.52,155.15,North,Credit Card,Home Office,0.2374066593218264
ORD1273,2025-03-11,CUST1038,Electronics,Smartwatch,1,24784.56,0.05,23545.33,2018.8,South,Wallet,Consumer,0.085740994073984
ORD2089,2025-03-11,CUST1038,Home & Kitchen,Table Lamp,4,2013.79,0.15,6846.87,1086.56,West,Debit Card,Home Office,0.1586944107307426
ORD1561,2025-03-11,CUST1125,Fashion,T-Shirt,5,1429.79,0.0,7148.93,1539.54,East,UPI,Home Office,0.2153525072982949
ORD1726,2025-03-12,CUST1172,Beauty,Shampoo,4,686.12,0.0,2744.47,689.5,North,Credit Card,Consumer,0.251232478402023
ORD2087,2025-03-12,CUST1071,Electronics,Headphones,1,20485.0,0.1,18436.5,2627.76,West,Credit Card,Home Office,0.1425303067285005
ORD1952,2025-03-12,CUST1147,Sports,Football,5,2643.83,0.1,11897.23,1559.35,North,UPI,Home Office,0.1310683243074228
ORD2177,2025-03-12,CUST1075,Fashion,Jeans,1,2435.9,0.1,2192.31,373.99,North,Wallet,Consumer,0.1705917502542979
ORD1928,2025-03-13,CUST1177,Sports,Running Shoes,1,4243.95,0.2,3395.16,530.81,West,Credit Card,Home Office,0.1563431473038089
ORD2031,2025-03-13,CUST1133,Beauty,Shampoo,5,1100.32,0.15,4676.37,1236.0,West,UPI,Consumer,0.2643075718987163
ORD1582,2025-03-13,CUST1007,Beauty,Perfume,2,1229.04,0.05,2335.17,435.4,West,Credit Card,Corporate,0.1864532346681398
ORD1960,2025-03-13,CUST1050,Fashion,T-Shirt,3,2257.55,0.0,6772.66,1354.54,North,COD,Consumer,0.2000011812197866
ORD1395,2025-03-14,CUST1049,Fashion,Jeans,4,3242.04,0.1,11671.34,1611.01,North,COD,Home Office,0.1380312800415376
ORD1348,2025-03-14,CUST1206,Home & Kitchen,Cookware Set,3,5048.28,0.15,12873.1,2529.38,West,Credit Card,Consumer,0.196485694976346
ORD1120,2025-03-15,CUST1131,Fashion,Jeans,3,2123.57,0.05,6052.17,1148.46,North,UPI,Corporate,0.1897600364827822
ORD1450,2025-03-15,CUST1138,Home & Kitchen,Bedsheet,5,5211.44,0.05,24754.34,3562.25,East,Wallet,Consumer,0.1439040588438229
ORD1304,2025-03-16,CUST1223,Beauty,Shampoo,3,1548.76,0.0,4646.27,972.58,North,UPI,Home Office,0.2093248993278479
ORD1848,2025-03-16,CUST1219,Fashion,Sneakers,4,1695.16,0.05,6441.62,1003.16,South,UPI,Home Office,0.1557310117641214
ORD1728,2025-03-17,CUST1033,Sports,Running Shoes,1,1905.56,0.05,1810.28,370.56,East,COD,Home Office,0.2046976158384338
ORD1743,2025-03-17,CUST1153,Home & Kitchen,Table Lamp,3,3459.69,0.1,9341.15,1605.25,South,COD,Consumer,0.1718471494409146
ORD1942,2025-03-17,CUST1190,Beauty,Moisturizer,4,1524.31,0.05,5792.36,1154.12,East,Wallet,Consumer,0.1992486654834989
ORD1390,2025-03-17,CUST1221,Home & Kitchen,Bedsheet,4,4142.31,0.05,15740.77,1987.86,East,COD,Consumer,0.1262873417247059
ORD1205,2025-03-17,CUST1058,Electronics,Smartwatch,3,12866.91,0.05,36670.7,5191.11,West,Debit Card,Corporate,0.1415601556556051
ORD1072,2025-03-18,CUST1041,Electronics,Headphones,3,11384.96,0.15,29031.64,5429.29,East,Wallet,Corporate,0.1870128590737554
ORD2090,2025-03-19,CUST1051,Beauty,Moisturizer,5,569.01,0.2,2276.04,508.62,South,COD,Corporate,0.2234670743923656
ORD2003,2025-03-19,CUST1068,Beauty,Shampoo,4,1267.04,0.05,4814.75,990.76,West,UPI,Consumer,0.2057760008307804
ORD1618,2025-03-20,CUST1116,Sports,Cricket Bat,5,3860.79,0.15,16408.37,2801.6,South,COD,Consumer,0.170742127341107
ORD2018,2025-03-20,CUST1199,Electronics,Laptop,2,23472.81,0.0,46945.62,5063.85,West,COD,Corporate,0.1078662929576816
ORD1245,2025-03-20,CUST1049,Beauty,Face Wash,3,1782.22,0.0,5346.66,1168.83,North,Credit Card,Corporate,0.2186093748246569
ORD2069,2025-03-20,CUST1106,Sports,Cricket Bat,5,2524.71,0.15,10730.03,2045.92,North,Wallet,Home Office,0.1906723466756383
ORD1189,2025-03-20,CUST1070,Sports,Running Shoes,5,2747.45,0.05,13050.39,2143.36,East,Credit Card,Consumer,0.1642372373545924
ORD1653,2025-03-21,CUST1094,Beauty,Face Wash,3,1782.35,0.05,5079.7,1179.8,South,COD,Consumer,0.2322578105006201
ORD2104,2025-03-21,CUST1189,Fashion,Jacket,4,1279.03,0.1,4604.5,994.11,South,COD,Corporate,0.2158996633727875
ORD1605,2025-03-22,CUST1039,Home & Kitchen,Cookware Set,1,1581.28,0.1,1423.15,213.81,East,COD,Home Office,0.15023714998419
ORD1369,2025-03-22,CUST1132,Electronics,Smartphone,4,20942.22,0.1,75391.98,10104.24,South,UPI,Corporate,0.1340227435331981
ORD1183,2025-03-23,CUST1222,Electronics,Laptop,5,9698.56,0.1,43643.51,9814.38,West,COD,Corporate,0.2248760468624086
ORD2038,2025-03-23,CUST1196,Home & Kitchen,Mixer,3,2881.79,0.15,7348.56,1033.72,East,COD,Consumer,0.140669736655889
ORD1501,2025-03-23,CUST1101,Sports,Yoga Mat,2,3202.39,0.15,5444.07,725.39,East,COD,Corporate,0.1332440618875216
ORD1917,2025-03-23,CUST1131,Beauty,Face Wash,1,1762.69,0.0,1762.69,500.77,North,Wallet,Corporate,0.284094196937635
ORD2157,2025-03-23,CUST1146,Home & Kitchen,Cookware Set,3,2898.13,0.05,8259.68,1471.74,North,UPI,Corporate,0.1781836584468163
ORD1025,2025-03-23,CUST1103,Sports,Running Shoes,5,2233.06,0.1,10048.78,1563.77,South,Credit Card,Home Office,0.1556178959037813
ORD2077,2025-03-24,CUST1057,Fashion,Jeans,5,1424.83,0.1,6411.74,584.91,North,COD,Corporate,0.0912248469214285
ORD1006,2025-03-24,CUST1110,Home & Kitchen,Cookware Set,5,4780.81,0.1,21513.65,3636.03,East,COD,Home Office,0.1690103724844459
ORD1480,2025-03-24,CUST1082,Electronics,Laptop,2,20277.48,0.15,34471.72,6364.91,East,Debit Card,Home Office,0.1846414974361592
ORD1194,2025-03-24,CUST1237,Electronics,Laptop,4,15590.53,0.1,56125.92,6885.01,South,Debit Card,Consumer,0.1226707731472375
ORD1631,2025-03-24,CUST1231,Home & Kitchen,Mixer,1,3950.95,0.15,3358.3,398.38,South,UPI,Consumer,0.1186254950421344
ORD1421,2025-03-26,CUST1165,Electronics,Headphones,1,9617.45,0.1,8655.7,1527.7,North,COD,Consumer,0.1764964127684647
ORD1232,2025-03-26,CUST1240,Fashion,Jacket,2,2708.24,0.1,4874.83,480.72,North,Wallet,Corporate,0.0986126695700157
ORD2072,2025-03-27,CUST1189,Beauty,Face Wash,4,1779.96,0.0,7119.84,1560.34,East,Debit Card,Corporate,0.2191538012090159
ORD1330,2025-03-27,CUST1085,Home & Kitchen,Table Lamp,2,4715.56,0.05,8959.57,1267.85,North,Wallet,Home Office,0.1415079071875101
ORD2169,2025-03-27,CUST1119,Sports,Running Shoes,5,3552.57,0.1,15986.56,1462.29,South,Debit Card,Corporate,0.0914699597662036
ORD1912,2025-03-27,CUST1054,Fashion,Jacket,3,1261.88,0.0,3785.63,739.58,South,Credit Card,Consumer,0.1953651043551535
ORD1944,2025-03-27,CUST1085,Fashion,T-Shirt,5,1609.8,0.1,7244.11,961.99,North,COD,Consumer,0.1327961612951763
ORD1475,2025-03-27,CUST1106,Sports,Cricket Bat,2,2252.74,0.05,4280.21,943.48,South,Credit Card,Home Office,0.2204284369224874
ORD1043,2025-03-27,CUST1116,Electronics,Headphones,2,26243.69,0.05,49863.01,8537.02,West,Debit Card,Home Office,0.1712094797325713
ORD1519,2025-03-27,CUST1132,Beauty,Perfume,3,1422.41,0.15,3627.15,790.0,South,Debit Card,Home Office,0.2178018554512496
ORD1961,2025-03-28,CUST1193,Beauty,Face Wash,2,1845.03,0.05,3505.56,1012.27,North,UPI,Corporate,0.2887612820776138
ORD1590,2025-03-28,CUST1076,Sports,Football,2,1385.88,0.05,2633.17,450.32,South,COD,Home Office,0.171018202394832
ORD1485,2025-03-28,CUST1228,Fashion,Jeans,2,3069.21,0.05,5831.5,806.72,North,Credit Card,Corporate,0.1383383349052559
ORD2036,2025-03-29,CUST1126,Home & Kitchen,Table Lamp,1,2255.87,0.05,2143.07,308.92,East,UPI,Home Office,0.1441483479307722
ORD1841,2025-03-29,CUST1213,Sports,Cricket Bat,2,1598.5,0.1,2877.3,457.58,West,Wallet,Home Office,0.1590310360407326
ORD1282,2025-03-29,CUST1009,Electronics,Smartwatch,5,13631.23,0.0,68156.13,8778.06,North,Debit Card,Corporate,0.1287934042029675
ORD1766,2025-03-29,CUST1021,Home & Kitchen,Cookware Set,4,5081.94,0.1,18294.98,3368.65,North,Wallet,Corporate,0.1841297448808361
ORD1493,2025-03-29,CUST1240,Beauty,Shampoo,4,1509.14,0.15,5131.07,1117.37,South,Wallet,Corporate,0.2177654953060472
ORD1206,2025-03-29,CUST1079,Fashion,Sneakers,1,1650.19,0.0,1650.19,328.69,West,COD,Consumer,0.199183124367497
ORD1056,2025-03-29,CUST1195,Electronics,Smartphone,5,12024.44,0.15,51103.89,7575.68,North,Wallet,Consumer,0.1482407699296472
ORD1579,2025-03-29,CUST1178,Home & Kitchen,Table Lamp,4,2783.46,0.05,10577.16,2000.3,West,Credit Card,Home Office,0.189115036550454
ORD1451,2025-03-29,CUST1183,Fashion,Sneakers,5,2781.88,0.15,11822.98,2448.38,North,UPI,Consumer,0.2070865382500858
ORD1903,2025-03-30,CUST1036,Beauty,Moisturizer,5,971.69,0.1,4372.6,853.69,South,COD,Consumer,0.1952362438823583
ORD1264,2025-03-30,CUST1232,Sports,Running Shoes,3,2054.31,0.1,5546.65,519.65,East,Debit Card,Consumer,0.0936871805504223
ORD1094,2025-03-30,CUST1039,Fashion,Jacket,1,3105.84,0.05,2950.55,574.49,South,Credit Card,Home Office,0.1947060717493348
ORD1660,2025-03-30,CUST1003,Home & Kitchen,Bedsheet,2,3001.23,0.05,5702.34,981.21,North,COD,Corporate,0.1720714653984154
ORD1258,2025-03-31,CUST1056,Beauty,Perfume,5,1140.46,0.05,5417.19,1106.47,North,UPI,Home Office,0.2042516507635877
ORD1388,2025-03-31,CUST1009,Electronics,Smartwatch,5,22135.47,0.2,88541.88,11321.35,West,Wallet,Consumer,0.1278643507456584
ORD1179,2025-03-31,CUST1032,Home & Kitchen,Cookware Set,3,3912.76,0.05,11151.38,588.46,West,Debit Card,Consumer,0.0527701504208447
ORD1121,2025-03-31,CUST1079,Electronics,Smartwatch,4,10291.7,0.05,39108.47,4781.64,South,COD,Consumer,0.1222660973441303
ORD1257,2025-04-01,CUST1217,Home & Kitchen,Bedsheet,4,4695.5,0.1,16903.8,3141.71,West,Debit Card,Corporate,0.1858582093967037
ORD1554,2025-04-01,CUST1102,Beauty,Face Wash,5,1248.16,0.05,5928.77,1052.04,North,Credit Card,Home Office,0.1774465867287818
ORD2098,2025-04-02,CUST1142,Beauty,Perfume,1,1024.06,0.0,1024.06,237.07,West,Debit Card,Home Office,0.2315001074155811
ORD1033,2025-04-02,CUST1030,Fashion,Jacket,4,2274.46,0.1,8188.06,1322.12,North,Credit Card,Home Office,0.1614692613390717
ORD1656,2025-04-02,CUST1039,Beauty,Shampoo,4,1020.21,0.1,3672.76,789.07,East,Debit Card,Consumer,0.2148438776288132
ORD1552,2025-04-02,CUST1110,Home & Kitchen,Table Lamp,2,3399.84,0.1,6119.71,896.88,East,Debit Card,Home Office,0.146555964253208
ORD2168,2025-04-03,CUST1058,Sports,Cricket Bat,1,3157.45,0.1,2841.7,384.73,West,Wallet,Home Office,0.1353872681845374
ORD2178,2025-04-03,CUST1054,Sports,Running Shoes,3,2453.26,0.15,6255.81,721.42,North,UPI,Consumer,0.115319998529367
ORD1555,2025-04-03,CUST1234,Fashion,Jacket,2,2334.45,0.1,4202.01,882.93,West,COD,Home Office,0.2101208707261524
ORD1425,2025-04-04,CUST1078,Beauty,Shampoo,3,743.68,0.15,1896.39,414.37,North,Wallet,Home Office,0.2185046324859338
ORD1831,2025-04-04,CUST1047,Home & Kitchen,Mixer,5,3947.59,0.05,18751.06,2599.63,West,Credit Card,Corporate,0.1386390956031285
ORD1221,2025-04-04,CUST1099,Beauty,Shampoo,1,1383.81,0.1,1245.43,325.23,North,Wallet,Corporate,0.2611387231719165
ORD1142,2025-04-04,CUST1081,Beauty,Perfume,1,1828.49,0.05,1737.07,351.73,East,Debit Card,Consumer,0.2024846436816018
ORD2027,2025-04-04,CUST1094,Home & Kitchen,Table Lamp,1,4872.97,0.05,4629.32,483.39,South,Credit Card,Home Office,0.1044192235576715
ORD2078,2025-04-05,CUST1151,Electronics,Smartwatch,1,20023.46,0.05,19022.29,2551.35,West,Wallet,Home Office,0.134124230048012
ORD1412,2025-04-05,CUST1239,Fashion,Sneakers,5,1462.92,0.2,5851.66,1109.2,North,Credit Card,Corporate,0.189553049903788
ORD1538,2025-04-05,CUST1067,Home & Kitchen,Bedsheet,2,2986.89,0.1,5376.4,663.47,North,UPI,Home Office,0.1234041365969794
ORD1087,2025-04-06,CUST1064,Sports,Yoga Mat,4,2496.18,0.15,8487.0,1847.56,North,Credit Card,Corporate,0.2176929421468127
ORD1293,2025-04-06,CUST1123,Fashion,Jacket,5,1772.3,0.1,7975.37,1624.68,North,Debit Card,Corporate,0.2037121788706981
ORD2085,2025-04-06,CUST1230,Beauty,Face Wash,2,1269.95,0.0,2539.91,700.32,South,Credit Card,Corporate,0.2757263052627849
ORD1709,2025-04-06,CUST1083,Home & Kitchen,Table Lamp,4,2194.18,0.05,8337.89,1361.51,North,COD,Home Office,0.1632919119825279
ORD2073,2025-04-06,CUST1200,Sports,Cricket Bat,5,2903.52,0.0,14517.6,2853.68,South,Wallet,Consumer,0.1965669256626439
ORD1329,2025-04-07,CUST1230,Fashion,Sneakers,2,1336.08,0.0,2672.16,678.04,North,Wallet,Corporate,0.2537422908807856
ORD1843,2025-04-07,CUST1249,Sports,Football,3,1724.83,0.1,4657.05,555.12,South,Wallet,Consumer,0.1191999226978452
ORD1816,2025-04-07,CUST1062,Beauty,Shampoo,5,1803.09,0.0,9015.46,1884.34,South,UPI,Corporate,0.2090120748137089
ORD2185,2025-04-08,CUST1236,Fashion,Sneakers,4,2033.76,0.05,7728.27,1546.03,South,Credit Card,Consumer,0.2000486525444892
ORD1991,2025-04-08,CUST1157,Beauty,Shampoo,3,1801.68,0.1,4864.54,897.09,East,Wallet,Home Office,0.1844141481003342
ORD1628,2025-04-08,CUST1018,Home & Kitchen,Bedsheet,4,2870.94,0.15,9761.19,1497.52,East,UPI,Corporate,0.1534157208291202
ORD1898,2025-04-09,CUST1228,Electronics,Laptop,3,16779.06,0.0,50337.19,5403.92,West,Credit Card,Home Office,0.1073544232405503
ORD1909,2025-04-09,CUST1223,Beauty,Moisturizer,3,613.81,0.1,1657.28,311.76,North,Wallet,Home Office,0.1881154663062367
ORD1455,2025-04-10,CUST1219,Home & Kitchen,Cookware Set,4,2168.63,0.1,7807.09,920.48,South,Wallet,Home Office,0.1179030855286668
ORD2026,2025-04-10,CUST1135,Fashion,T-Shirt,1,3000.73,0.1,2700.66,424.38,North,Debit Card,Consumer,0.157139365932772
ORD1674,2025-04-11,CUST1074,Fashion,Jeans,2,1821.62,0.05,3461.08,613.61,South,Debit Card,Home Office,0.1772885920001849
ORD1220,2025-04-11,CUST1034,Fashion,Sneakers,2,3273.99,0.05,6220.58,1754.19,North,Debit Card,Home Office,0.2819978201389581
ORD1447,2025-04-11,CUST1083,Electronics,Laptop,3,14331.06,0.05,40843.52,3839.39,East,COD,Corporate,0.0940024268231533
ORD1080,2025-04-12,CUST1159,Electronics,Laptop,3,27539.76,0.1,74357.35,12914.25,East,Wallet,Home Office,0.1736781905218515
ORD1838,2025-04-12,CUST1052,Beauty,Moisturizer,5,1199.44,0.1,5397.48,1066.23,West,Credit Card,Home Office,0.1975421863536317
ORD1503,2025-04-13,CUST1132,Home & Kitchen,Table Lamp,5,3595.52,0.15,15280.97,1636.03,North,UPI,Home Office,0.1070632296248209
ORD2059,2025-04-13,CUST1145,Fashion,Jeans,4,1379.06,0.15,4688.8,828.88,East,Wallet,Home Office,0.1767787067053403
ORD1141,2025-04-13,CUST1193,Fashion,Jeans,4,1480.1,0.1,5328.38,565.99,West,Wallet,Corporate,0.1062217784767602
ORD1512,2025-04-14,CUST1070,Fashion,T-Shirt,3,1877.52,0.05,5350.93,1182.24,South,Credit Card,Consumer,0.2209410326803004
ORD1906,2025-04-15,CUST1027,Electronics,Headphones,1,18035.74,0.0,18035.74,2405.28,South,Debit Card,Consumer,0.1333618692662458
ORD1146,2025-04-16,CUST1147,Beauty,Perfume,3,1081.18,0.0,3243.53,661.76,North,Credit Card,Home Office,0.2040246274891861
ORD1510,2025-04-16,CUST1172,Home & Kitchen,Cookware Set,4,1728.78,0.1,6223.6,894.78,South,Credit Card,Home Office,0.1437720933221929
ORD1786,2025-04-17,CUST1241,Beauty,Perfume,4,678.33,0.1,2442.0,547.22,North,COD,Consumer,0.2240868140868141
ORD2045,2025-04-17,CUST1175,Fashion,T-Shirt,2,2783.69,0.1,5010.63,795.7,West,UPI,Home Office,0.1588023861270938
ORD1885,2025-04-17,CUST1063,Home & Kitchen,Bedsheet,3,3884.15,0.2,9321.96,1728.0,South,Debit Card,Corporate,0.1853687421958472
ORD1694,2025-04-17,CUST1026,Electronics,Laptop,3,19205.06,0.0,57615.18,5719.95,North,Debit Card,Corporate,0.0992785234724598
ORD1858,2025-04-18,CUST1123,Beauty,Face Wash,5,901.09,0.1,4054.88,729.54,South,COD,Corporate,0.1799165450025648
ORD2119,2025-04-18,CUST1058,Fashion,T-Shirt,5,3063.51,0.05,14551.67,3045.47,West,Credit Card,Consumer,0.209286631706189
ORD1097,2025-04-18,CUST1198,Beauty,Face Wash,1,626.5,0.05,595.18,126.75,North,Credit Card,Consumer,0.2129607849726133
ORD1110,2025-04-18,CUST1210,Home & Kitchen,Mixer,5,1644.92,0.1,7402.13,1384.74,East,Wallet,Home Office,0.1870731802872957
ORD2006,2025-04-18,CUST1010,Home & Kitchen,Mixer,5,4015.44,0.15,17065.62,3211.24,West,UPI,Corporate,0.1881701338714913
ORD1715,2025-04-19,CUST1202,Home & Kitchen,Bedsheet,2,2408.14,0.15,4093.84,726.58,West,COD,Home Office,0.1774812889609755
ORD2144,2025-04-20,CUST1166,Electronics,Smartphone,3,16394.9,0.0,49184.69,5717.93,West,Wallet,Consumer,0.1162542653008487
ORD1454,2025-04-20,CUST1156,Electronics,Laptop,3,23678.38,0.0,71035.13,13430.21,North,Credit Card,Home Office,0.1890643404186069
ORD1291,2025-04-21,CUST1096,Fashion,Jacket,3,3239.63,0.0,9718.89,1883.5,North,COD,Consumer,0.1937978514007258
ORD1107,2025-04-21,CUST1195,Sports,Yoga Mat,4,4001.26,0.1,14404.54,2454.85,South,UPI,Home Office,0.1704219641862912
ORD1788,2025-04-21,CUST1043,Beauty,Moisturizer,3,1621.61,0.15,4135.1,913.8,East,Credit Card,Consumer,0.2209861913859398
ORD1135,2025-04-21,CUST1139,Beauty,Shampoo,4,1164.07,0.2,3725.04,619.94,East,UPI,Consumer,0.1664250585228615
ORD1054,2025-04-21,CUST1196,Home & Kitchen,Mixer,4,2000.77,0.2,6402.45,972.55,West,COD,Consumer,0.1519027872142695
ORD2189,2025-04-21,CUST1227,Electronics,Smartphone,1,23661.35,0.1,21295.21,3357.51,West,COD,Corporate,0.1576650335920613
ORD1173,2025-04-22,CUST1190,Home & Kitchen,Mixer,1,3073.02,0.0,3073.02,412.86,West,COD,Corporate,0.1343499228771697
ORD1064,2025-04-22,CUST1153,Fashion,T-Shirt,4,2525.8,0.05,9598.05,1447.69,South,Wallet,Consumer,0.1508316793515349
ORD1879,2025-04-22,CUST1046,Home & Kitchen,Mixer,1,2562.97,0.1,2306.68,484.99,East,Wallet,Home Office,0.2102545650025144
ORD1999,2025-04-23,CUST1117,Beauty,Perfume,1,1485.56,0.1,1337.01,410.85,East,COD,Home Office,0.3072901474184935
ORD1299,2025-04-23,CUST1005,Beauty,Shampoo,4,995.91,0.1,3585.26,766.56,South,Credit Card,Consumer,0.2138087614287387
ORD1807,2025-04-23,CUST1019,Sports,Running Shoes,3,2149.51,0.0,6448.52,1298.42,North,UPI,Corporate,0.201351627970449
ORD1023,2025-04-24,CUST1156,Home & Kitchen,Cookware Set,5,2795.98,0.2,11183.94,1828.28,West,Debit Card,Home Office,0.1634736953166773
ORD2136,2025-04-25,CUST1086,Electronics,Laptop,5,18085.24,0.1,81383.56,8910.11,West,Wallet,Home Office,0.1094829225951777
ORD1486,2025-04-26,CUST1040,Fashion,Jacket,3,1999.27,0.15,5098.13,809.11,North,Credit Card,Consumer,0.1587072122523356
ORD1106,2025-04-26,CUST1008,Home & Kitchen,Bedsheet,5,2908.94,0.0,14544.71,1898.57,North,COD,Home Office,0.1305333691768347
ORD1079,2025-04-26,CUST1036,Electronics,Laptop,1,26463.72,0.05,25140.53,3433.67,North,Debit Card,Corporate,0.1365790617779338
ORD2143,2025-04-27,CUST1217,Fashion,T-Shirt,4,2561.64,0.05,9734.23,1916.89,East,Debit Card,Home Office,0.1969226122661987
ORD1041,2025-04-28,CUST1063,Sports,Yoga Mat,3,2685.42,0.05,7653.45,1348.37,West,Credit Card,Consumer,0.1761780634877081
ORD1633,2025-04-28,CUST1170,Sports,Running Shoes,3,4099.65,0.1,11069.06,1585.33,South,Credit Card,Corporate,0.1432217369857964
ORD1616,2025-04-29,CUST1163,Home & Kitchen,Bedsheet,4,1779.17,0.05,6760.86,1229.13,North,UPI,Consumer,0.181800835988321
ORD1392,2025-04-29,CUST1240,Home & Kitchen,Mixer,1,4944.88,0.0,4944.88,830.26,West,UPI,Consumer,0.1679029622559091
ORD1238,2025-05-01,CUST1215,Sports,Yoga Mat,4,1499.45,0.1,5398.03,824.76,East,COD,Consumer,0.152789073050724
ORD1428,2025-05-01,CUST1203,Fashion,T-Shirt,3,2829.02,0.1,7638.36,1438.84,North,COD,Home Office,0.1883702784367324
ORD1761,2025-05-01,CUST1193,Beauty,Moisturizer,1,1713.24,0.15,1456.25,323.73,North,COD,Home Office,0.2223038626609442
ORD1623,2025-05-01,CUST1002,Beauty,Moisturizer,2,1138.07,0.15,1934.72,450.19,South,Debit Card,Home Office,0.2326900016539861
ORD1545,2025-05-02,CUST1118,Electronics,Headphones,4,13941.79,0.1,50190.46,5052.64,West,Credit Card,Consumer,0.100669330386691
ORD2002,2025-05-02,CUST1127,Electronics,Laptop,4,24388.36,0.0,97553.46,13367.24,West,Debit Card,Home Office,0.1370247657028259
ORD2113,2025-05-02,CUST1136,Fashion,T-Shirt,3,1488.43,0.05,4242.02,748.38,East,Debit Card,Consumer,0.1764206675121757
ORD1101,2025-05-02,CUST1216,Sports,Yoga Mat,2,4125.58,0.0,8251.17,1079.39,South,COD,Consumer,0.1308165993428811
ORD1796,2025-05-03,CUST1092,Sports,Yoga Mat,4,1391.59,0.05,5288.04,1085.73,East,Wallet,Corporate,0.2053180384414641
ORD1344,2025-05-03,CUST1113,Home & Kitchen,Table Lamp,2,3124.13,0.1,5623.43,872.15,North,COD,Corporate,0.1550921768386909
ORD2137,2025-05-03,CUST1201,Beauty,Perfume,4,1594.9,0.1,5741.63,1311.06,East,UPI,Corporate,0.2283428225085907
ORD1434,2025-05-04,CUST1048,Home & Kitchen,Table Lamp,3,4514.13,0.2,10833.92,1581.18,North,Wallet,Home Office,0.1459471733223062
ORD1934,2025-05-04,CUST1026,Sports,Running Shoes,3,2868.3,0.1,7744.42,1311.8,South,COD,Corporate,0.1693864743905934
ORD2115,2025-05-04,CUST1021,Home & Kitchen,Mixer,2,3818.51,0.05,7255.18,1256.07,West,COD,Consumer,0.1731273379847226
ORD1953,2025-05-05,CUST1066,Electronics,Laptop,4,18684.13,0.0,74736.51,9805.23,North,Debit Card,Consumer,0.1311973224331722
ORD2129,2025-05-05,CUST1158,Electronics,Headphones,2,16103.2,0.15,27375.44,5059.05,West,Debit Card,Consumer,0.1848025091103558
ORD1854,2025-05-05,CUST1168,Beauty,Face Wash,4,1573.37,0.0,6293.49,1395.92,East,Credit Card,Consumer,0.2218038004350527
ORD1283,2025-05-05,CUST1150,Sports,Football,2,1337.63,0.0,2675.26,469.63,North,Wallet,Corporate,0.1755455544507823
ORD2131,2025-05-05,CUST1083,Home & Kitchen,Bedsheet,2,2500.0,0.15,4249.99,427.24,East,Credit Card,Consumer,0.100527295358342
ORD1967,2025-05-06,CUST1090,Home & Kitchen,Table Lamp,1,4307.97,0.1,3877.17,558.41,North,COD,Corporate,0.1440251523662877
ORD1092,2025-05-06,CUST1240,Beauty,Moisturizer,5,1532.59,0.1,6896.66,1434.63,South,Credit Card,Home Office,0.2080180841160794
ORD1091,2025-05-06,CUST1076,Fashion,Jeans,1,1152.54,0.0,1152.54,220.34,South,Debit Card,Home Office,0.1911777465424193
ORD2017,2025-05-06,CUST1106,Home & Kitchen,Mixer,2,4270.99,0.15,7260.68,684.07,South,Debit Card,Home Office,0.0942156932959447
ORD1736,2025-05-07,CUST1189,Home & Kitchen,Table Lamp,2,2721.82,0.1,4899.27,463.06,West,COD,Consumer,0.0945161217895727
ORD1920,2025-05-08,CUST1071,Sports,Running Shoes,1,3091.27,0.1,2782.14,437.01,East,Debit Card,Corporate,0.1570769263947896
ORD1230,2025-05-08,CUST1008,Electronics,Laptop,4,15949.44,0.15,54228.09,6034.59,West,Credit Card,Home Office,0.1112816254454103
ORD1088,2025-05-08,CUST1075,Sports,Yoga Mat,5,3078.19,0.05,14621.39,2339.16,West,Debit Card,Home Office,0.1599820536898338
ORD1810,2025-05-08,CUST1017,Fashion,Jacket,4,1271.88,0.1,4578.78,459.89,West,UPI,Home Office,0.1004394183603492
ORD1846,2025-05-08,CUST1131,Home & Kitchen,Bedsheet,5,2071.84,0.15,8805.31,1755.57,East,COD,Corporate,0.1993762854459411
ORD1774,2025-05-09,CUST1174,Fashion,Jeans,3,3036.16,0.1,8197.63,1915.31,South,Debit Card,Corporate,0.2336419184569199
ORD1481,2025-05-09,CUST1183,Home & Kitchen,Cookware Set,1,5287.49,0.1,4758.74,658.03,South,Debit Card,Consumer,0.1382781996915149
ORD1308,2025-05-09,CUST1044,Electronics,Smartwatch,2,23228.71,0.05,44134.54,5033.9,South,Wallet,Consumer,0.1140580597418711
ORD1664,2025-05-10,CUST1056,Beauty,Shampoo,2,762.27,0.05,1448.32,347.95,East,Debit Card,Corporate,0.2402438687582854
ORD1832,2025-05-11,CUST1230,Home & Kitchen,Cookware Set,3,4080.91,0.0,12242.73,2395.6,West,COD,Consumer,0.1956753109804757
ORD1752,2025-05-12,CUST1051,Home & Kitchen,Mixer,5,5085.71,0.1,22885.68,3304.39,South,COD,Home Office,0.1443867955857112
ORD1256,2025-05-12,CUST1012,Home & Kitchen,Table Lamp,4,2931.02,0.1,10551.67,1620.22,North,Credit Card,Corporate,0.1535510492651874
ORD1166,2025-05-12,CUST1090,Fashion,Jeans,3,1630.83,0.1,4403.25,717.21,North,Wallet,Home Office,0.1628819621870209
ORD1163,2025-05-13,CUST1210,Sports,Cricket Bat,1,4015.1,0.1,3613.59,691.84,North,Wallet,Consumer,0.1914550350205751
ORD1632,2025-05-13,CUST1232,Home & Kitchen,Mixer,5,3672.83,0.05,17445.96,3544.73,South,Debit Card,Consumer,0.2031834304331776
ORD2052,2025-05-13,CUST1036,Home & Kitchen,Mixer,1,3157.08,0.15,2683.52,372.35,West,COD,Home Office,0.1387543226806582
ORD2049,2025-05-13,CUST1106,Beauty,Shampoo,2,1410.01,0.1,2538.01,538.47,East,UPI,Home Office,0.212162284624568
ORD1316,2025-05-14,CUST1219,Fashion,Jacket,5,2447.13,0.0,12235.64,2630.52,North,Wallet,Home Office,0.2149883455217708
ORD2008,2025-05-14,CUST1212,Electronics,Smartwatch,4,11277.59,0.1,40599.33,4192.05,North,Wallet,Corporate,0.1032541670022633
ORD1147,2025-05-14,CUST1175,Home & Kitchen,Mixer,1,4645.42,0.15,3948.6,581.6,South,COD,Corporate,0.1472927113407283
ORD2068,2025-05-14,CUST1080,Home & Kitchen,Bedsheet,5,1579.2,0.15,6711.62,961.98,East,UPI,Corporate,0.1433305222882106
ORD1005,2025-05-14,CUST1116,Sports,Yoga Mat,5,2401.02,0.05,11404.83,2389.47,South,UPI,Home Office,0.2095138638629422
ORD2159,2025-05-15,CUST1073,Beauty,Face Wash,1,1241.37,0.0,1241.37,313.36,North,Debit Card,Home Office,0.2524307821197548
ORD1453,2025-05-15,CUST1136,Home & Kitchen,Bedsheet,2,1963.12,0.1,3533.62,536.99,South,Debit Card,Corporate,0.1519659725720366
ORD2192,2025-05-15,CUST1127,Home & Kitchen,Bedsheet,5,2804.56,0.15,11919.38,1500.01,North,Debit Card,Home Office,0.1258463107980448
ORD1027,2025-05-15,CUST1081,Beauty,Face Wash,3,799.29,0.05,2277.99,552.45,West,Wallet,Corporate,0.2425164289571069
ORD1645,2025-05-16,CUST1130,Electronics,Smartphone,4,10581.45,0.0,42325.82,6835.36,West,Debit Card,Home Office,0.1614938588313232
ORD1822,2025-05-16,CUST1010,Fashion,Jacket,1,2267.32,0.15,1927.22,383.58,South,COD,Consumer,0.1990328037276491
ORD2016,2025-05-17,CUST1229,Home & Kitchen,Cookware Set,4,2834.55,0.1,10204.39,1300.83,North,UPI,Consumer,0.1274774876303238
ORD1289,2025-05-17,CUST1121,Home & Kitchen,Cookware Set,3,2929.93,0.1,7910.81,1303.54,North,Wallet,Home Office,0.1647795864140334
ORD1351,2025-05-18,CUST1067,Fashion,Jacket,1,2829.16,0.1,2546.25,499.34,East,Credit Card,Home Office,0.196108001963672
ORD1403,2025-05-18,CUST1180,Home & Kitchen,Table Lamp,1,2460.9,0.2,1968.72,248.34,North,COD,Home Office,0.1261428745580885
ORD1586,2025-05-18,CUST1041,Sports,Football,4,2403.54,0.0,9614.18,834.2,West,Credit Card,Consumer,0.0867676702537293
ORD1894,2025-05-19,CUST1033,Fashion,T-Shirt,1,2015.98,0.05,1915.18,314.35,South,Credit Card,Consumer,0.1641360081036769
ORD1358,2025-05-20,CUST1247,Sports,Football,2,3954.54,0.0,7909.08,1678.78,West,Debit Card,Consumer,0.2122598330020685
ORD2050,2025-05-20,CUST1147,Electronics,Smartwatch,3,9566.05,0.2,22958.51,2257.5,East,Credit Card,Corporate,0.0983295518742287
ORD1228,2025-05-20,CUST1221,Beauty,Perfume,3,937.74,0.1,2531.91,413.9,West,Credit Card,Corporate,0.1634734252007378
ORD1657,2025-05-20,CUST1013,Fashion,Jacket,1,3370.85,0.1,3033.76,626.57,East,Debit Card,Corporate,0.2065324877379885
ORD1872,2025-05-20,CUST1037,Electronics,Smartphone,4,25433.68,0.0,101734.71,12323.84,West,Debit Card,Corporate,0.1211370239321466
ORD1902,2025-05-21,CUST1016,Fashion,T-Shirt,2,2575.96,0.1,4636.73,1013.8,East,COD,Home Office,0.2186454678189155
ORD1847,2025-05-21,CUST1081,Fashion,T-Shirt,3,3122.42,0.0,9367.26,2083.83,East,COD,Home Office,0.2224588620364973
ORD1856,2025-05-22,CUST1079,Home & Kitchen,Bedsheet,5,4864.17,0.1,21888.79,1631.89,South,COD,Home Office,0.0745536870699568
ORD1521,2025-05-22,CUST1068,Sports,Yoga Mat,4,1930.94,0.15,6565.19,1608.61,South,Wallet,Consumer,0.2450210884985811
ORD1994,2025-05-22,CUST1121,Home & Kitchen,Cookware Set,1,2632.15,0.05,2500.54,353.63,East,Debit Card,Corporate,0.1414214529661593
ORD1783,2025-05-22,CUST1213,Fashion,T-Shirt,2,3029.48,0.0,6058.97,1334.17,North,Debit Card,Consumer,0.2201974923130499
ORD2127,2025-05-22,CUST1027,Electronics,Laptop,2,16996.0,0.05,32292.4,3075.79,West,UPI,Home Office,0.0952481079139364
ORD1148,2025-05-23,CUST1049,Electronics,Smartphone,2,11148.48,0.05,21182.11,4836.35,West,Wallet,Home Office,0.2283223909232838
ORD1911,2025-05-23,CUST1083,Home & Kitchen,Mixer,5,3003.1,0.1,13513.96,1838.39,West,UPI,Consumer,0.1360363653584885
ORD1461,2025-05-23,CUST1199,Electronics,Headphones,2,27241.93,0.05,51759.66,4831.86,South,Debit Card,Corporate,0.0933518496837112
ORD1355,2025-05-23,CUST1078,Beauty,Perfume,3,1130.4,0.05,3221.65,499.39,East,Debit Card,Consumer,0.155010631198299
ORD1387,2025-05-24,CUST1030,Home & Kitchen,Table Lamp,3,2149.36,0.1,5803.27,1030.18,East,Debit Card,Consumer,0.1775171584296439
ORD1845,2025-05-24,CUST1026,Electronics,Smartwatch,3,17997.66,0.05,51293.32,5324.05,North,Debit Card,Home Office,0.1037961668303007
ORD1965,2025-05-24,CUST1233,Fashion,Jeans,5,1113.31,0.15,4731.56,996.71,East,Debit Card,Consumer,0.2106514553339701
ORD1650,2025-05-24,CUST1057,Beauty,Moisturizer,2,910.29,0.05,1729.55,366.15,West,COD,Home Office,0.2117024659593535
ORD1153,2025-05-25,CUST1067,Sports,Football,2,3728.28,0.05,7083.73,1144.62,West,UPI,Corporate,0.1615843630403756
ORD1821,2025-05-25,CUST1132,Beauty,Moisturizer,3,1105.11,0.05,3149.56,450.14,South,COD,Corporate,0.1429215509467989
ORD1319,2025-05-25,CUST1173,Sports,Football,1,2970.19,0.1,2673.17,512.6,North,COD,Corporate,0.1917573517583992
ORD1354,2025-05-25,CUST1062,Sports,Yoga Mat,3,2774.16,0.15,7074.11,1153.95,South,COD,Consumer,0.1631229935638546
ORD1972,2025-05-25,CUST1071,Electronics,Smartphone,3,16069.64,0.1,43388.03,4470.04,South,Debit Card,Consumer,0.1030247282487819
ORD1931,2025-05-26,CUST1188,Home & Kitchen,Bedsheet,4,3879.85,0.1,13967.48,2195.66,West,Debit Card,Home Office,0.1571980056531314
ORD1675,2025-05-26,CUST1104,Beauty,Face Wash,3,1002.0,0.1,2705.4,509.58,North,Debit Card,Corporate,0.188356620093147
ORD2179,2025-05-26,CUST1042,Home & Kitchen,Cookware Set,1,3128.55,0.1,2815.7,481.95,South,Wallet,Consumer,0.1711652519799694
ORD1563,2025-05-26,CUST1157,Home & Kitchen,Bedsheet,4,2236.7,0.05,8499.45,2302.43,North,COD,Corporate,0.2708916459300307
ORD2155,2025-05-28,CUST1143,Beauty,Face Wash,4,582.15,0.15,1979.3,441.32,North,Credit Card,Consumer,0.2229677158591421
ORD1218,2025-05-28,CUST1062,Home & Kitchen,Bedsheet,1,4384.79,0.1,3946.31,748.39,West,Debit Card,Corporate,0.1896429829384919
ORD1696,2025-05-28,CUST1157,Home & Kitchen,Cookware Set,3,2283.94,0.0,6851.82,1168.18,East,COD,Corporate,0.1704919276922044
ORD1842,2025-05-28,CUST1110,Home & Kitchen,Cookware Set,3,5261.81,0.1,14206.88,834.54,North,Wallet,Home Office,0.0587419616411203
ORD1542,2025-05-29,CUST1144,Electronics,Smartwatch,3,11193.58,0.05,31901.69,2892.24,East,Credit Card,Consumer,0.0906610276759632
ORD1533,2025-05-30,CUST1138,Beauty,Face Wash,1,888.2,0.0,888.2,205.45,East,UPI,Corporate,0.2313105156496284
ORD1243,2025-05-30,CUST1243,Electronics,Smartphone,3,26349.36,0.05,75095.68,12950.32,South,Wallet,Corporate,0.1724509319311044
ORD1745,2025-05-31,CUST1017,Sports,Yoga Mat,1,4064.07,0.1,3657.66,572.33,West,UPI,Corporate,0.156474357922825
ORD1246,2025-05-31,CUST1058,Beauty,Shampoo,1,1735.65,0.1,1562.08,345.83,West,Debit Card,Home Office,0.2213907098228003
ORD1084,2025-05-31,CUST1022,Sports,Cricket Bat,4,2970.82,0.15,10100.8,1908.44,West,Debit Card,Home Office,0.1889394899413908
ORD1880,2025-05-31,CUST1062,Electronics,Laptop,5,13386.04,0.15,56890.68,8056.25,West,Credit Card,Consumer,0.1416093110505974
ORD1061,2025-05-31,CUST1136,Home & Kitchen,Bedsheet,1,2281.6,0.2,1825.28,231.99,North,COD,Consumer,0.1270983082047685
ORD1730,2025-05-31,CUST1079,Electronics,Headphones,3,21232.11,0.0,63696.34,7054.33,West,Debit Card,Home Office,0.1107493774367569
ORD2035,2025-06-01,CUST1230,Fashion,Jeans,3,1907.01,0.2,4576.82,760.48,North,Wallet,Home Office,0.1661590361866973
ORD1381,2025-06-01,CUST1057,Home & Kitchen,Mixer,3,3155.2,0.1,8519.04,1022.77,North,UPI,Home Office,0.1200569547742468
ORD1516,2025-06-02,CUST1229,Electronics,Smartwatch,3,22215.15,0.05,63313.17,7851.27,East,Debit Card,Home Office,0.1240069009338815
ORD2014,2025-06-02,CUST1237,Electronics,Smartwatch,1,25957.54,0.0,25957.54,2362.76,North,Debit Card,Corporate,0.0910240338645341
ORD1334,2025-06-03,CUST1025,Home & Kitchen,Bedsheet,2,2471.02,0.15,4200.73,607.38,North,UPI,Consumer,0.1445891547421519
ORD1825,2025-06-04,CUST1097,Electronics,Headphones,3,11782.89,0.0,35348.66,3293.88,East,Credit Card,Consumer,0.0931825987180277
ORD1535,2025-06-04,CUST1151,Home & Kitchen,Cookware Set,5,5220.54,0.1,23492.41,3695.42,West,Debit Card,Corporate,0.1573027203254157
ORD1940,2025-06-05,CUST1167,Sports,Football,1,1928.5,0.05,1832.08,287.23,East,Credit Card,Home Office,0.1567780882930876
ORD1123,2025-06-05,CUST1021,Fashion,Sneakers,1,2482.55,0.1,2234.29,370.24,West,Credit Card,Corporate,0.1657081220432441
ORD1152,2025-06-05,CUST1169,Home & Kitchen,Mixer,2,2935.35,0.1,5283.63,541.82,North,Wallet,Home Office,0.1025469232327017
ORD1916,2025-06-05,CUST1153,Sports,Running Shoes,4,3194.83,0.1,11501.4,2406.86,North,Wallet,Consumer,0.209266697967204
ORD1037,2025-06-06,CUST1185,Sports,Cricket Bat,3,2472.38,0.05,7046.29,1210.98,East,Wallet,Home Office,0.1718606529109645
ORD1925,2025-06-06,CUST1061,Sports,Yoga Mat,4,2147.68,0.1,7731.65,837.54,South,Wallet,Consumer,0.1083261658248886
ORD1492,2025-06-06,CUST1062,Electronics,Smartphone,1,19466.3,0.1,17519.67,1847.5,West,UPI,Consumer,0.1054528995123766
ORD1644,2025-06-06,CUST1076,Fashion,Sneakers,1,1323.72,0.1,1191.35,207.94,South,COD,Home Office,0.1745414865488731
ORD2196,2025-06-06,CUST1210,Fashion,T-Shirt,1,2113.1,0.2,1690.48,283.59,West,COD,Home Office,0.1677570867445932
ORD1746,2025-06-06,CUST1012,Home & Kitchen,Bedsheet,4,4311.92,0.05,16385.29,2152.28,East,Debit Card,Corporate,0.1313544038585829
ORD1626,2025-06-06,CUST1087,Electronics,Headphones,1,23812.84,0.0,23812.84,3819.69,North,Debit Card,Home Office,0.1604046388419021
ORD1811,2025-06-06,CUST1187,Beauty,Shampoo,1,1382.62,0.0,1382.62,260.06,East,UPI,Corporate,0.1880921728312913
ORD1938,2025-06-06,CUST1096,Fashion,Jacket,1,3063.29,0.0,3063.29,636.65,North,Credit Card,Corporate,0.2078321020863189
ORD1184,2025-06-07,CUST1134,Home & Kitchen,Mixer,2,5400.14,0.2,8640.22,1394.87,North,Credit Card,Home Office,0.1614391763172697
ORD1849,2025-06-07,CUST1230,Fashion,Sneakers,4,3113.33,0.05,11830.64,2117.08,North,Wallet,Corporate,0.1789488987916123
ORD1100,2025-06-07,CUST1211,Fashion,Jeans,3,1620.04,0.05,4617.12,462.52,West,Wallet,Corporate,0.1001750008663409
ORD1659,2025-06-07,CUST1176,Sports,Cricket Bat,5,2371.58,0.1,10672.11,1965.01,North,UPI,Consumer,0.184125725840532
ORD1975,2025-06-07,CUST1243,Electronics,Smartwatch,2,15803.13,0.15,26865.33,3621.54,East,Debit Card,Consumer,0.134803480917599
ORD2117,2025-06-07,CUST1245,Sports,Running Shoes,3,3071.84,0.15,7833.2,1106.99,North,Wallet,Consumer,0.1413202777919624
ORD1241,2025-06-08,CUST1010,Electronics,Laptop,1,16831.06,0.1,15147.95,1729.92,North,COD,Home Office,0.1142015916345116
ORD1181,2025-06-08,CUST1035,Home & Kitchen,Cookware Set,4,4148.07,0.05,15762.68,1502.17,North,UPI,Corporate,0.0952991496369906
ORD1378,2025-06-08,CUST1062,Beauty,Shampoo,4,816.44,0.1,2939.2,756.28,South,Debit Card,Consumer,0.257308111050626
ORD1338,2025-06-09,CUST1063,Home & Kitchen,Mixer,5,3606.05,0.05,17128.73,3058.1,South,Debit Card,Consumer,0.1785362954521438
ORD1317,2025-06-09,CUST1068,Electronics,Smartphone,1,9035.56,0.1,8132.0,1844.83,North,UPI,Corporate,0.2268605509099852
ORD1888,2025-06-09,CUST1010,Electronics,Laptop,4,17155.3,0.1,61759.08,7731.01,West,Debit Card,Corporate,0.1251801354553856
ORD1717,2025-06-09,CUST1078,Fashion,Sneakers,2,2112.18,0.05,4013.14,616.58,West,Credit Card,Consumer,0.1536402916419562
ORD1259,2025-06-09,CUST1128,Home & Kitchen,Table Lamp,2,1643.76,0.15,2794.4,305.62,West,UPI,Home Office,0.1093687374749498
ORD2142,2025-06-09,CUST1160,Electronics,Smartphone,5,18486.34,0.0,92431.68,17081.56,South,Credit Card,Corporate,0.1848020072771586
ORD1448,2025-06-10,CUST1010,Electronics,Laptop,3,25032.25,0.0,75096.74,9602.45,West,COD,Corporate,0.1278677343384013
ORD2041,2025-06-10,CUST1091,Sports,Running Shoes,1,1832.04,0.2,1465.63,206.9,West,UPI,Corporate,0.1411679619003432
ORD1171,2025-06-10,CUST1194,Beauty,Shampoo,3,1763.34,0.15,4496.51,962.23,East,Credit Card,Consumer,0.2139948537866033
ORD1268,2025-06-10,CUST1131,Electronics,Smartphone,3,13636.8,0.0,40910.4,7747.63,South,Credit Card,Corporate,0.1893804509366811
ORD2067,2025-06-10,CUST1217,Electronics,Laptop,2,15762.91,0.1,28373.25,4871.93,South,Debit Card,Consumer,0.1717085635237415
ORD1457,2025-06-11,CUST1012,Sports,Football,2,3096.42,0.05,5883.19,808.99,North,UPI,Home Office,0.1375087325073642
ORD1439,2025-06-12,CUST1052,Home & Kitchen,Cookware Set,2,4341.96,0.0,8683.91,861.04,West,UPI,Corporate,0.0991534919178112
ORD1297,2025-06-12,CUST1213,Home & Kitchen,Bedsheet,1,4456.78,0.15,3788.26,552.09,West,Credit Card,Home Office,0.1457370930189585
ORD1368,2025-06-12,CUST1211,Sports,Yoga Mat,1,4312.28,0.0,4312.28,715.98,East,Credit Card,Home Office,0.1660328179060729
ORD2116,2025-06-13,CUST1016,Home & Kitchen,Cookware Set,3,3654.31,0.1,9866.64,1536.48,East,Wallet,Home Office,0.155724745202014
ORD1844,2025-06-14,CUST1160,Sports,Football,5,4200.49,0.1,18902.21,3067.24,South,COD,Home Office,0.1622688563929826
ORD1641,2025-06-14,CUST1210,Fashion,Sneakers,2,2693.76,0.05,5118.14,858.82,East,UPI,Home Office,0.1677992395674991
ORD1833,2025-06-14,CUST1047,Electronics,Smartwatch,1,22047.69,0.05,20945.31,3787.4,North,UPI,Consumer,0.1808232964802144
ORD1071,2025-06-14,CUST1232,Electronics,Smartwatch,4,21715.77,0.1,78176.76,9349.45,South,COD,Corporate,0.1195937258080278
ORD1371,2025-06-15,CUST1203,Home & Kitchen,Table Lamp,2,1864.29,0.1,3355.72,350.45,West,Wallet,Consumer,0.1044336237826755
ORD1620,2025-06-15,CUST1145,Sports,Football,3,2518.23,0.15,6421.49,809.14,North,Credit Card,Home Office,0.1260050237561687
ORD2141,2025-06-16,CUST1147,Electronics,Smartphone,3,18680.83,0.0,56042.5,11058.11,South,Credit Card,Corporate,0.1973165008698755
ORD1686,2025-06-16,CUST1248,Home & Kitchen,Cookware Set,5,5192.17,0.0,25960.86,3145.15,South,COD,Corporate,0.1211496845636084
ORD2040,2025-06-16,CUST1145,Sports,Yoga Mat,4,2238.07,0.05,8504.66,1980.42,East,COD,Consumer,0.2328629245613581
ORD1692,2025-06-17,CUST1005,Electronics,Laptop,4,9131.36,0.15,31046.62,5453.82,North,COD,Consumer,0.1756654991751114
ORD1599,2025-06-17,CUST1188,Electronics,Smartphone,2,11816.78,0.1,21270.2,3710.62,South,Debit Card,Home Office,0.1744515801449915
ORD2150,2025-06-17,CUST1081,Fashion,Jeans,2,3286.03,0.2,5257.65,1080.35,East,Credit Card,Corporate,0.2054815364278717
ORD1863,2025-06-17,CUST1146,Electronics,Headphones,1,13267.92,0.1,11941.13,1976.69,West,UPI,Consumer,0.1655362599686964
ORD2139,2025-06-17,CUST1088,Home & Kitchen,Cookware Set,2,3327.66,0.1,5989.78,948.29,West,COD,Home Office,0.1583180016628323
ORD1382,2025-06-17,CUST1063,Beauty,Moisturizer,3,696.4,0.0,2089.2,432.98,North,UPI,Corporate,0.2072467930308252
ORD1803,2025-06-18,CUST1200,Fashion,Jacket,5,1522.65,0.05,7232.57,1416.92,South,UPI,Home Office,0.1959082317903594
ORD1963,2025-06-18,CUST1002,Electronics,Laptop,4,17315.73,0.2,55410.32,7037.39,West,UPI,Home Office,0.1270050416601095
ORD1913,2025-06-19,CUST1169,Electronics,Laptop,3,18348.62,0.0,55045.86,6529.51,South,Debit Card,Corporate,0.1186194565767525
ORD1376,2025-06-19,CUST1204,Beauty,Face Wash,5,1511.99,0.0,7559.94,1881.67,North,Debit Card,Corporate,0.2489001235459541
ORD1429,2025-06-20,CUST1033,Sports,Yoga Mat,1,2749.22,0.05,2611.76,688.23,East,Debit Card,Corporate,0.2635119612828131
ORD1209,2025-06-21,CUST1248,Home & Kitchen,Cookware Set,3,3762.44,0.1,10158.6,1109.63,South,UPI,Home Office,0.1092306026420963
ORD1074,2025-06-21,CUST1046,Home & Kitchen,Cookware Set,2,5067.35,0.0,10134.7,964.81,North,UPI,Consumer,0.0951986738630645
ORD1775,2025-06-22,CUST1221,Home & Kitchen,Mixer,4,3597.74,0.1,12951.86,2594.31,North,Credit Card,Home Office,0.2003040489937352
ORD1432,2025-06-22,CUST1139,Sports,Football,3,2094.43,0.05,5969.14,1094.15,West,Credit Card,Home Office,0.1833011120529925
ORD1356,2025-06-22,CUST1187,Home & Kitchen,Mixer,4,2889.31,0.15,9823.64,2002.13,West,Credit Card,Consumer,0.2038073463604122
ORD1262,2025-06-22,CUST1079,Sports,Yoga Mat,3,4245.93,0.1,11464.02,2296.45,South,Wallet,Consumer,0.2003180385240081
ORD1164,2025-06-23,CUST1015,Home & Kitchen,Table Lamp,3,2403.44,0.1,6489.28,694.48,West,Credit Card,Home Office,0.1070195769022141
ORD1103,2025-06-23,CUST1071,Beauty,Perfume,2,1319.06,0.15,2242.4,501.1,East,Wallet,Corporate,0.2234659293613985
ORD1989,2025-06-23,CUST1214,Sports,Cricket Bat,2,4082.35,0.15,6939.99,1467.17,North,COD,Home Office,0.2114080856024288
ORD1497,2025-06-23,CUST1007,Fashion,Jeans,4,2057.74,0.0,8230.97,1661.13,West,Wallet,Home Office,0.201814609942692
ORD2133,2025-06-23,CUST1014,Electronics,Smartphone,4,27259.19,0.05,103584.94,12945.64,South,Wallet,Consumer,0.1249760824305154
ORD1625,2025-06-24,CUST1211,Sports,Running Shoes,5,2314.33,0.05,10993.07,1799.6,South,Credit Card,Home Office,0.1637031329737734
ORD2109,2025-06-24,CUST1053,Home & Kitchen,Bedsheet,1,4161.58,0.05,3953.5,414.92,East,Debit Card,Consumer,0.1049500442645757
ORD1487,2025-06-24,CUST1084,Sports,Running Shoes,5,2000.66,0.05,9503.13,2298.89,East,UPI,Home Office,0.2419087184959061
ORD1568,2025-06-24,CUST1216,Sports,Football,4,1911.74,0.0,7646.94,1390.07,West,Wallet,Home Office,0.1817812092157124
ORD1042,2025-06-24,CUST1059,Electronics,Laptop,4,15376.73,0.05,58431.59,6924.24,South,Debit Card,Corporate,0.1185016529586136
ORD1261,2025-06-25,CUST1176,Sports,Yoga Mat,3,1733.03,0.1,4679.17,616.34,East,COD,Consumer,0.1317199417845472
ORD1797,2025-06-26,CUST1192,Beauty,Face Wash,4,1738.49,0.1,6258.56,1372.21,West,Debit Card,Home Office,0.2192533106657122
ORD2112,2025-06-26,CUST1139,Sports,Football,2,4282.7,0.0,8565.41,1446.66,South,Debit Card,Corporate,0.16889559285545
ORD1438,2025-06-27,CUST1190,Home & Kitchen,Mixer,2,3488.37,0.05,6627.91,1053.36,West,UPI,Home Office,0.1589279275065593
ORD1824,2025-06-27,CUST1104,Electronics,Headphones,1,23706.74,0.0,23706.74,2088.64,North,Wallet,Home Office,0.0881032145288639
ORD1853,2025-06-28,CUST1030,Home & Kitchen,Cookware Set,5,2181.31,0.05,10361.22,1133.41,East,Wallet,Corporate,0.109389627862356
ORD1144,2025-06-28,CUST1084,Home & Kitchen,Bedsheet,5,2515.19,0.15,10689.55,1806.44,East,Credit Card,Home Office,0.1689912110425602
ORD1978,2025-06-28,CUST1178,Home & Kitchen,Mixer,5,2118.85,0.05,10064.53,1628.78,South,Debit Card,Corporate,0.1618336872163926
ORD1505,2025-06-29,CUST1020,Home & Kitchen,Bedsheet,4,2627.94,0.0,10511.76,1289.13,South,Credit Card,Corporate,0.1226369323500536
ORD1539,2025-06-29,CUST1030,Electronics,Headphones,3,24923.21,0.05,71031.16,8102.59,West,Credit Card,Corporate,0.1140709232398851
ORD1446,2025-06-30,CUST1141,Fashion,T-Shirt,3,2153.07,0.1,5813.3,933.03,South,Wallet,Consumer,0.1604992001100923
ORD1598,2025-06-30,CUST1193,Home & Kitchen,Mixer,1,1647.58,0.05,1565.2,179.23,West,COD,Corporate,0.1145093278814208
ORD1310,2025-07-01,CUST1095,Home & Kitchen,Cookware Set,1,4758.04,0.0,4758.04,790.07,East,UPI,Home Office,0.1660494657463997
ORD1013,2025-07-01,CUST1152,Sports,Cricket Bat,4,2433.55,0.05,9247.47,1546.27,South,Credit Card,Home Office,0.167210058534929
ORD1397,2025-07-01,CUST1233,Beauty,Face Wash,1,751.65,0.1,676.48,133.57,East,Wallet,Consumer,0.1974485572374645
ORD1350,2025-07-01,CUST1158,Electronics,Headphones,3,18415.32,0.05,52483.65,5052.49,West,COD,Consumer,0.0962678853319081
ORD1464,2025-07-01,CUST1001,Fashion,Sneakers,5,3061.43,0.1,13776.43,2542.16,East,Debit Card,Home Office,0.1845296640711708
ORD1078,2025-07-02,CUST1027,Fashion,Sneakers,3,1954.5,0.15,4983.97,906.04,East,Credit Card,Consumer,0.1817908213733228
ORD1687,2025-07-02,CUST1210,Fashion,Sneakers,2,1290.44,0.05,2451.84,351.29,West,COD,Home Office,0.1432760702166536
ORD1031,2025-07-02,CUST1188,Sports,Running Shoes,1,3212.64,0.0,3212.64,556.32,East,Debit Card,Consumer,0.1731659943224264
ORD1242,2025-07-02,CUST1232,Home & Kitchen,Bedsheet,4,3468.48,0.1,12486.52,1382.88,East,Wallet,Home Office,0.1107498326194968
ORD1321,2025-07-02,CUST1245,Sports,Running Shoes,3,2760.32,0.0,8280.95,1732.2,East,Debit Card,Consumer,0.209178898556325
ORD2132,2025-07-02,CUST1099,Home & Kitchen,Table Lamp,3,3739.58,0.15,9535.92,1227.74,West,Wallet,Corporate,0.1287489827934798
ORD2126,2025-07-03,CUST1091,Fashion,T-Shirt,4,2074.45,0.15,7053.12,1434.12,East,COD,Consumer,0.2033312916836804
ORD1045,2025-07-03,CUST1146,Home & Kitchen,Bedsheet,5,3940.36,0.0,19701.81,4210.72,North,UPI,Corporate,0.2137224955473634
ORD1719,2025-07-04,CUST1028,Fashion,Sneakers,2,1538.14,0.15,2614.84,497.98,North,COD,Home Office,0.1904437747625093
ORD1284,2025-07-04,CUST1079,Sports,Cricket Bat,5,3643.73,0.1,16396.8,3148.66,East,Debit Card,Home Office,0.1920289324746291
ORD1723,2025-07-04,CUST1095,Fashion,T-Shirt,5,3274.35,0.0,16371.77,2931.77,North,Wallet,Consumer,0.1790747121416926
ORD2167,2025-07-04,CUST1101,Electronics,Smartphone,3,25253.99,0.0,75761.96,4909.15,West,UPI,Corporate,0.0647970300662759
ORD1815,2025-07-05,CUST1084,Fashion,Jeans,2,2284.22,0.0,4568.44,913.19,North,COD,Consumer,0.1998909912355202
ORD1138,2025-07-05,CUST1105,Beauty,Perfume,2,1394.13,0.05,2648.86,544.32,West,Debit Card,Corporate,0.2054921739918304
ORD2013,2025-07-05,CUST1114,Fashion,Jeans,4,3033.83,0.05,11528.54,1192.97,West,UPI,Home Office,0.1034797120884344
ORD1536,2025-07-06,CUST1161,Sports,Football,4,2942.11,0.0,11768.44,2082.08,South,COD,Consumer,0.1769206453871541
ORD2020,2025-07-06,CUST1044,Beauty,Perfume,2,1774.66,0.05,3371.85,855.38,West,UPI,Corporate,0.2536826964426057
ORD1583,2025-07-06,CUST1135,Electronics,Smartwatch,5,11154.02,0.1,50193.11,5270.55,South,Credit Card,Consumer,0.1050054479588931
ORD1520,2025-07-06,CUST1217,Sports,Cricket Bat,5,2450.03,0.05,11637.65,1844.37,South,Debit Card,Corporate,0.1584830270716166
ORD2023,2025-07-06,CUST1168,Electronics,Laptop,3,12997.0,0.1,35091.9,3642.31,North,Wallet,Consumer,0.1037934680082868
ORD2061,2025-07-06,CUST1114,Sports,Running Shoes,5,2627.58,0.05,12480.98,1966.79,West,Wallet,Corporate,0.1575829782597199
ORD1197,2025-07-07,CUST1180,Electronics,Laptop,3,9423.15,0.1,25442.5,4588.67,South,COD,Corporate,0.1803545249091087
ORD2149,2025-07-07,CUST1159,Electronics,Laptop,5,14423.99,0.05,68513.96,8693.94,North,COD,Consumer,0.1268929718848538
ORD1511,2025-07-07,CUST1160,Sports,Yoga Mat,4,4214.03,0.1,15170.52,1903.67,East,COD,Corporate,0.1254848218782217
ORD1801,2025-07-08,CUST1198,Home & Kitchen,Table Lamp,5,4956.77,0.15,21066.29,4305.42,North,UPI,Home Office,0.2043748567023429
ORD1813,2025-07-08,CUST1119,Beauty,Face Wash,2,1796.71,0.05,3413.74,772.09,North,Credit Card,Home Office,0.2261712959979377
ORD1483,2025-07-08,CUST1019,Beauty,Moisturizer,3,1317.51,0.0,3952.52,1012.57,South,Credit Card,Consumer,0.2561833969214577
ORD1081,2025-07-08,CUST1127,Beauty,Moisturizer,4,1572.25,0.15,5345.64,1309.7,West,COD,Home Office,0.2450034046437844
ORD1128,2025-07-08,CUST1133,Beauty,Shampoo,3,1248.27,0.05,3557.57,792.09,South,Credit Card,Consumer,0.2226491678308508
ORD1363,2025-07-08,CUST1139,Electronics,Laptop,5,14015.43,0.1,63069.43,11368.85,North,Credit Card,Corporate,0.1802592793370734
ORD1558,2025-07-09,CUST1222,Fashion,Jacket,1,1413.51,0.0,1413.51,237.03,North,UPI,Home Office,0.1676889445423095
ORD1216,2025-07-09,CUST1023,Fashion,Jacket,4,1946.47,0.1,7007.28,686.35,West,Credit Card,Consumer,0.0979481339407016
ORD2097,2025-07-09,CUST1189,Electronics,Smartphone,2,22564.45,0.15,38359.57,7029.57,North,Credit Card,Corporate,0.1832546610923949
ORD1665,2025-07-09,CUST1164,Fashion,T-Shirt,4,1393.26,0.0,5573.04,1089.24,West,COD,Home Office,0.1954480857844192
ORD1571,2025-07-09,CUST1075,Beauty,Perfume,5,1127.18,0.1,5072.32,1172.42,South,COD,Home Office,0.2311407797615292
ORD1584,2025-07-09,CUST1090,Beauty,Shampoo,1,1119.61,0.0,1119.61,249.24,East,Credit Card,Consumer,0.2226132313930744
ORD2084,2025-07-10,CUST1222,Home & Kitchen,Mixer,3,3977.07,0.2,9544.96,2117.27,East,COD,Consumer,0.2218207305216575
ORD1185,2025-07-10,CUST1002,Home & Kitchen,Cookware Set,5,5178.12,0.15,22006.99,3572.66,North,Wallet,Home Office,0.1623420558649774
ORD1182,2025-07-10,CUST1035,Home & Kitchen,Table Lamp,3,2300.63,0.05,6556.78,736.87,North,Debit Card,Home Office,0.1123829074637245
ORD1048,2025-07-10,CUST1200,Home & Kitchen,Bedsheet,5,3469.79,0.1,15614.05,2019.07,West,Wallet,Consumer,0.1293111012197348
ORD2101,2025-07-10,CUST1159,Beauty,Shampoo,3,1059.21,0.1,2859.88,732.87,East,UPI,Consumer,0.2562590038742884
ORD1444,2025-07-10,CUST1206,Fashion,Jacket,4,1371.4,0.0,5485.58,979.93,South,Debit Card,Home Office,0.1786374458124756
ORD1753,2025-07-11,CUST1238,Beauty,Shampoo,1,711.66,0.0,711.66,171.76,East,Credit Card,Corporate,0.2413512070370682
ORD2063,2025-07-11,CUST1167,Fashion,Jacket,1,1317.49,0.05,1251.61,165.53,South,Wallet,Home Office,0.1322536572894112
ORD1683,2025-07-11,CUST1010,Sports,Yoga Mat,1,1960.36,0.15,1666.31,213.84,North,Debit Card,Corporate,0.1283314629330676
ORD1231,2025-07-11,CUST1103,Home & Kitchen,Cookware Set,5,4984.96,0.0,24924.82,4096.58,West,COD,Home Office,0.164357455740904
ORD1768,2025-07-12,CUST1010,Fashion,Jacket,2,2702.94,0.1,4865.29,558.79,North,Wallet,Consumer,0.1148523520694552
ORD1251,2025-07-12,CUST1027,Home & Kitchen,Cookware Set,1,4849.51,0.05,4607.03,362.48,North,COD,Home Office,0.0786797568064458
ORD1248,2025-07-12,CUST1215,Sports,Cricket Bat,4,4133.44,0.0,16533.74,3183.73,East,COD,Home Office,0.1925595781716659
ORD1918,2025-07-12,CUST1080,Fashion,Jacket,5,2145.92,0.15,9120.15,2211.45,East,Wallet,Home Office,0.2424795644808473
ORD1067,2025-07-12,CUST1213,Home & Kitchen,Bedsheet,2,4411.32,0.15,7499.24,1277.32,South,Debit Card,Home Office,0.1703265930947669
ORD1873,2025-07-13,CUST1156,Electronics,Smartphone,5,21768.56,0.1,97958.52,12817.16,South,COD,Home Office,0.1308427281261497
ORD1270,2025-07-13,CUST1006,Fashion,Jacket,1,2236.62,0.05,2124.79,322.5,East,COD,Consumer,0.1517797052885226
ORD1133,2025-07-13,CUST1220,Fashion,Jacket,3,995.59,0.2,2389.41,408.7,East,UPI,Corporate,0.1710464089461415
ORD1161,2025-07-13,CUST1065,Home & Kitchen,Mixer,1,3446.84,0.05,3274.5,376.81,East,COD,Consumer,0.1150740571079554
ORD1946,2025-07-13,CUST1225,Beauty,Face Wash,3,1045.18,0.1,2821.98,421.02,West,Credit Card,Corporate,0.1491931197244488
ORD1077,2025-07-13,CUST1031,Fashion,Jeans,4,2211.6,0.15,7519.42,1155.18,West,Wallet,Corporate,0.1536262105321953
ORD1998,2025-07-14,CUST1242,Home & Kitchen,Table Lamp,2,4840.86,0.1,8713.55,1709.31,West,UPI,Corporate,0.1961668894996872
ORD1865,2025-07-14,CUST1171,Fashion,Sneakers,5,1088.57,0.15,4626.44,702.49,West,Debit Card,Home Office,0.1518424533766784
ORD1537,2025-07-14,CUST1169,Sports,Running Shoes,2,2622.56,0.1,4720.61,795.88,West,Wallet,Home Office,0.1685968550674595
ORD1127,2025-07-15,CUST1019,Beauty,Shampoo,3,863.13,0.0,2589.39,491.09,North,Wallet,Consumer,0.1896547063207937
ORD1186,2025-07-15,CUST1142,Electronics,Headphones,5,15965.22,0.05,75834.79,12290.61,West,UPI,Home Office,0.1620708648365743
ORD1484,2025-07-15,CUST1008,Sports,Yoga Mat,4,3772.77,0.0,15091.07,2944.58,North,COD,Home Office,0.1951206905805884
ORD1473,2025-07-15,CUST1019,Sports,Football,5,2844.1,0.1,12798.47,2183.98,East,Wallet,Home Office,0.1706438347708749
ORD1298,2025-07-16,CUST1016,Fashion,Jacket,5,1882.69,0.05,8942.76,1663.85,South,UPI,Consumer,0.1860555354275413
ORD1157,2025-07-16,CUST1163,Fashion,Sneakers,4,1880.33,0.0,7521.31,1210.85,South,COD,Home Office,0.1609892425654573
ORD1383,2025-07-16,CUST1118,Fashion,Sneakers,1,1216.43,0.1,1094.79,225.91,North,Debit Card,Consumer,0.2063500762703349
ORD1156,2025-07-16,CUST1024,Sports,Yoga Mat,1,2475.0,0.1,2227.5,383.49,West,Credit Card,Home Office,0.1721616161616161
ORD1707,2025-07-17,CUST1199,Electronics,Laptop,1,16156.34,0.05,15348.52,2498.64,West,COD,Home Office,0.162793546218137
ORD1785,2025-07-17,CUST1140,Fashion,Jacket,1,2920.74,0.05,2774.7,489.25,North,COD,Consumer,0.1763253685083072
ORD1059,2025-07-17,CUST1014,Beauty,Perfume,4,1663.49,0.0,6653.97,1119.07,East,UPI,Consumer,0.1681808003342365
ORD2053,2025-07-17,CUST1214,Beauty,Moisturizer,1,1105.18,0.1,994.66,214.34,West,Wallet,Home Office,0.215490720447188
ORD1471,2025-07-17,CUST1244,Beauty,Perfume,5,975.63,0.05,4634.25,1099.25,North,Wallet,Consumer,0.2372012731294168
ORD1889,2025-07-18,CUST1115,Electronics,Smartwatch,2,26754.22,0.15,45482.17,7608.47,South,Debit Card,Corporate,0.1672846744119728
ORD1385,2025-07-18,CUST1141,Beauty,Perfume,5,1826.34,0.0,9131.71,1690.74,North,Debit Card,Consumer,0.1851504263714025
ORD1617,2025-07-19,CUST1143,Sports,Cricket Bat,2,2719.2,0.0,5438.41,981.77,North,Wallet,Home Office,0.1805251902670082
ORD2005,2025-07-19,CUST1032,Electronics,Laptop,2,25788.84,0.15,43841.03,4065.87,West,UPI,Consumer,0.0927412061258597
ORD1250,2025-07-19,CUST1127,Fashion,Sneakers,1,2530.74,0.05,2404.2,557.15,East,Wallet,Corporate,0.2317402878296315
ORD1614,2025-07-20,CUST1129,Electronics,Laptop,4,12364.07,0.15,42037.84,5230.08,South,Wallet,Home Office,0.1244136235353672
ORD1819,2025-07-20,CUST1002,Fashion,T-Shirt,3,999.55,0.15,2548.85,371.42,North,Debit Card,Home Office,0.1457206191027326
ORD1921,2025-07-20,CUST1013,Home & Kitchen,Bedsheet,2,2577.99,0.15,4382.59,587.77,North,Wallet,Home Office,0.1341147586244663
ORD1534,2025-07-20,CUST1114,Home & Kitchen,Cookware Set,5,1912.79,0.1,8607.56,859.05,North,Wallet,Consumer,0.0998018021367263
ORD1398,2025-07-20,CUST1119,Fashion,Jacket,1,2575.38,0.0,2575.38,541.96,East,COD,Consumer,0.210438847859345
ORD1462,2025-07-21,CUST1207,Home & Kitchen,Cookware Set,5,5074.85,0.15,21568.1,3857.95,South,Credit Card,Corporate,0.1788729651661481
ORD1689,2025-07-21,CUST1083,Home & Kitchen,Bedsheet,2,4169.48,0.0,8338.96,965.87,North,UPI,Home Office,0.1158261941537074
ORD1332,2025-07-21,CUST1205,Home & Kitchen,Table Lamp,4,3494.61,0.0,13978.44,1872.65,North,COD,Home Office,0.1339670235019072
ORD1082,2025-07-21,CUST1243,Home & Kitchen,Bedsheet,3,5365.63,0.05,15292.03,3268.6,East,Wallet,Home Office,0.2137453300837102
ORD2082,2025-07-22,CUST1193,Home & Kitchen,Cookware Set,3,2820.33,0.05,8037.95,1217.56,North,Credit Card,Consumer,0.1514764336677884
ORD1342,2025-07-23,CUST1207,Electronics,Headphones,3,18895.06,0.1,51016.65,6247.83,West,Wallet,Home Office,0.122466488881571
ORD1781,2025-07-23,CUST1137,Beauty,Perfume,2,744.56,0.0,1489.12,234.74,North,COD,Corporate,0.1576367250456645
ORD1093,2025-07-24,CUST1155,Fashion,T-Shirt,2,2271.49,0.1,4088.69,848.28,West,COD,Consumer,0.2074698742139903
ORD1549,2025-07-24,CUST1036,Sports,Football,4,3511.91,0.1,12642.87,1842.55,West,Debit Card,Consumer,0.145738269870686
ORD2021,2025-07-24,CUST1141,Fashion,Jeans,5,3344.43,0.2,13377.72,1899.89,West,Debit Card,Corporate,0.1420189688526894
ORD1681,2025-07-24,CUST1162,Beauty,Perfume,2,1271.67,0.1,2289.01,522.38,South,Debit Card,Consumer,0.2282121965391151
ORD1307,2025-07-24,CUST1099,Beauty,Perfume,3,1725.52,0.2,4141.24,797.32,East,Credit Card,Consumer,0.1925317054795182
ORD1522,2025-07-24,CUST1208,Fashion,Jeans,4,1326.02,0.15,4508.47,784.76,East,COD,Corporate,0.1740634849516576
ORD1162,2025-07-24,CUST1068,Sports,Football,4,2867.51,0.05,10896.53,2178.37,South,COD,Home Office,0.1999141010945686
ORD2183,2025-07-25,CUST1045,Home & Kitchen,Mixer,2,2248.9,0.0,4497.81,649.32,South,COD,Home Office,0.1443635902806032
ORD1772,2025-07-25,CUST1182,Beauty,Perfume,2,1470.95,0.15,2500.61,583.93,South,Credit Card,Home Office,0.2335150223345503
ORD1217,2025-07-25,CUST1034,Electronics,Smartphone,3,25163.93,0.1,67942.6,7097.61,South,Wallet,Consumer,0.1044647982267384
ORD1966,2025-07-25,CUST1081,Electronics,Smartwatch,5,20552.41,0.15,87347.74,6204.29,North,Credit Card,Home Office,0.0710297713484058
ORD1607,2025-07-25,CUST1126,Electronics,Smartphone,4,8835.78,0.1,31808.81,5233.06,West,Credit Card,Consumer,0.1645160570294833
ORD1277,2025-07-25,CUST1127,Home & Kitchen,Cookware Set,2,2273.09,0.1,4091.56,655.92,East,Credit Card,Corporate,0.1603104928193647
ORD2032,2025-07-26,CUST1236,Fashion,Jeans,4,1606.4,0.05,6104.32,1076.93,South,Credit Card,Consumer,0.176420960893269
ORD2166,2025-07-26,CUST1026,Sports,Cricket Bat,5,4242.98,0.1,19093.42,3266.87,North,UPI,Home Office,0.1710992582785064
ORD1949,2025-07-26,CUST1085,Home & Kitchen,Bedsheet,1,4313.8,0.0,4313.8,715.85,North,COD,Consumer,0.1659441791459965
ORD2175,2025-07-26,CUST1099,Fashion,T-Shirt,4,1411.53,0.1,5081.5,798.68,West,UPI,Corporate,0.1571740627767391
ORD1367,2025-07-26,CUST1007,Home & Kitchen,Bedsheet,3,5113.57,0.0,15340.72,1704.02,East,UPI,Corporate,0.1110782284012745
ORD1172,2025-07-27,CUST1165,Home & Kitchen,Table Lamp,2,3709.44,0.05,7047.93,1248.24,South,UPI,Corporate,0.1771073208729371
ORD1634,2025-07-27,CUST1178,Beauty,Face Wash,3,1390.19,0.05,3962.05,860.03,North,UPI,Corporate,0.2170669224265216
ORD1914,2025-07-27,CUST1088,Beauty,Shampoo,1,838.89,0.1,755.01,153.15,South,Wallet,Consumer,0.2028449954305241
ORD1891,2025-07-28,CUST1086,Home & Kitchen,Bedsheet,3,3973.57,0.2,9536.57,1901.5,North,Debit Card,Home Office,0.1993903468437813
ORD1820,2025-07-28,CUST1164,Fashion,T-Shirt,5,2448.01,0.05,11628.03,1562.54,West,UPI,Home Office,0.1343770182911464
ORD1062,2025-07-28,CUST1237,Beauty,Moisturizer,2,937.77,0.1,1687.99,434.41,North,Credit Card,Corporate,0.2573534203401679
ORD1417,2025-07-28,CUST1149,Home & Kitchen,Table Lamp,5,4566.09,0.05,21688.94,3448.05,North,UPI,Corporate,0.1589773405247098
ORD1020,2025-07-28,CUST1067,Sports,Cricket Bat,5,2281.23,0.1,10265.55,1525.22,South,Credit Card,Consumer,0.1485765497221289
ORD1402,2025-07-28,CUST1036,Home & Kitchen,Mixer,3,2602.69,0.15,6636.87,700.73,South,COD,Corporate,0.1055813960496439
ORD1109,2025-07-29,CUST1181,Fashion,T-Shirt,5,2287.6,0.1,10294.22,1798.54,West,UPI,Corporate,0.1747135771335759
ORD1488,2025-07-30,CUST1153,Fashion,T-Shirt,5,1706.94,0.05,8107.95,1304.2,South,COD,Home Office,0.1608544699954982
ORD2024,2025-07-30,CUST1133,Electronics,Smartphone,1,19040.41,0.1,17136.37,2702.23,North,COD,Corporate,0.1576897557650774
ORD1755,2025-07-31,CUST1131,Beauty,Moisturizer,1,1535.85,0.05,1459.06,408.54,East,Credit Card,Home Office,0.2800021931928776
ORD1016,2025-07-31,CUST1215,Fashion,Jacket,3,2825.62,0.1,7629.17,1435.38,North,Credit Card,Corporate,0.1881436643828883
ORD2080,2025-07-31,CUST1049,Fashion,Jacket,5,3275.06,0.05,15556.56,3289.22,East,COD,Home Office,0.2114362044050869
ORD1413,2025-07-31,CUST1171,Electronics,Headphones,2,11796.5,0.15,20054.06,2704.67,East,Credit Card,Corporate,0.1348689492302306
ORD2099,2025-08-01,CUST1216,Sports,Yoga Mat,5,1859.39,0.1,8367.27,1629.93,West,Debit Card,Corporate,0.1947983033892775
ORD1295,2025-08-02,CUST1185,Sports,Cricket Bat,5,2229.33,0.05,10589.32,1400.8,West,Debit Card,Consumer,0.1322842259937371
ORD1326,2025-08-02,CUST1181,Home & Kitchen,Table Lamp,4,4044.96,0.1,14561.84,1742.94,East,COD,Consumer,0.1196922916334748
ORD1648,2025-08-02,CUST1139,Beauty,Face Wash,2,832.91,0.1,1499.24,339.23,South,Wallet,Corporate,0.2262679757743923
ORD1756,2025-08-02,CUST1004,Electronics,Headphones,5,9482.8,0.0,47414.02,5876.84,South,UPI,Home Office,0.1239473050376239
ORD1305,2025-08-03,CUST1155,Electronics,Headphones,4,14022.68,0.0,56090.71,4185.72,South,UPI,Home Office,0.0746241222476948
ORD1569,2025-08-03,CUST1011,Sports,Football,4,2354.52,0.1,8476.28,1432.38,North,Wallet,Home Office,0.1689868668802824
ORD1526,2025-08-05,CUST1237,Electronics,Smartphone,1,10198.85,0.05,9688.91,1450.43,West,Debit Card,Consumer,0.1497000178554657
ORD1394,2025-08-05,CUST1136,Electronics,Headphones,5,14445.01,0.05,68613.78,5542.11,North,Wallet,Consumer,0.0807725503535878
ORD1032,2025-08-06,CUST1202,Sports,Cricket Bat,4,2699.54,0.1,9718.33,1759.47,West,COD,Consumer,0.1810465378310882
ORD1671,2025-08-07,CUST1224,Electronics,Smartwatch,2,11250.53,0.2,18000.85,3005.81,West,Debit Card,Corporate,0.1669815592041487
ORD1647,2025-08-07,CUST1133,Sports,Cricket Bat,2,2622.98,0.1,4721.37,886.13,North,Credit Card,Corporate,0.1876849304333276
ORD1292,2025-08-07,CUST1017,Electronics,Laptop,1,18242.41,0.05,17330.29,2696.63,West,Credit Card,Consumer,0.1556021278351372
ORD1201,2025-08-07,CUST1057,Home & Kitchen,Mixer,4,2339.55,0.1,8422.37,597.02,North,Wallet,Home Office,0.0708850359221929
ORD2176,2025-08-07,CUST1150,Electronics,Smartwatch,1,24125.16,0.1,21712.64,2378.99,West,UPI,Home Office,0.109567054029358
ORD1065,2025-08-08,CUST1024,Sports,Yoga Mat,2,2548.67,0.05,4842.48,1010.67,North,Debit Card,Corporate,0.2087091738117658
ORD2009,2025-08-08,CUST1231,Electronics,Smartphone,5,16799.77,0.05,79798.9,9611.11,East,Wallet,Consumer,0.1204416351603844
ORD1663,2025-08-08,CUST1086,Electronics,Laptop,4,26304.06,0.0,105216.24,14030.52,North,Wallet,Consumer,0.1333493764840864
ORD1964,2025-08-08,CUST1129,Beauty,Moisturizer,3,1666.5,0.1,4499.56,1082.72,East,COD,Consumer,0.2406279725128679
ORD1565,2025-08-09,CUST1004,Sports,Cricket Bat,5,1721.49,0.0,8607.43,1572.08,South,Wallet,Home Office,0.1826422056293225
ORD1442,2025-08-09,CUST1102,Sports,Yoga Mat,5,3874.22,0.1,17433.98,2106.36,West,UPI,Home Office,0.120819227738015
ORD1389,2025-08-09,CUST1086,Electronics,Headphones,1,21643.2,0.1,19478.88,4618.12,East,COD,Corporate,0.2370834462761719
ORD2042,2025-08-09,CUST1066,Beauty,Shampoo,2,1488.76,0.1,2679.78,446.11,South,Wallet,Home Office,0.1664726208867892
ORD1958,2025-08-10,CUST1136,Sports,Running Shoes,4,1384.82,0.0,5539.29,1267.45,South,Debit Card,Corporate,0.2288109125898806
ORD1373,2025-08-10,CUST1226,Home & Kitchen,Bedsheet,1,2840.8,0.1,2556.72,477.11,North,UPI,Consumer,0.1866101880534434
ORD1280,2025-08-10,CUST1179,Sports,Cricket Bat,3,4317.85,0.05,12305.87,2209.52,East,UPI,Corporate,0.1795500846344061
ORD2007,2025-08-10,CUST1164,Electronics,Smartwatch,1,8272.55,0.2,6618.04,835.3,South,UPI,Home Office,0.1262156167082701
ORD1962,2025-08-10,CUST1092,Fashion,Jacket,5,2504.85,0.05,11898.04,1854.94,West,Wallet,Corporate,0.1559029890637449
ORD1547,2025-08-11,CUST1241,Sports,Running Shoes,3,2085.06,0.1,5629.65,653.11,West,Credit Card,Corporate,0.116012540744096
ORD1588,2025-08-12,CUST1149,Electronics,Headphones,2,15609.47,0.0,31218.93,4185.72,North,UPI,Consumer,0.1340763440643225
ORD1208,2025-08-12,CUST1228,Sports,Football,5,3697.67,0.05,17563.94,3722.65,West,COD,Consumer,0.2119484580339035
ORD1957,2025-08-13,CUST1220,Fashion,Jacket,1,2695.61,0.1,2426.05,501.85,West,UPI,Corporate,0.2068588858432431
ORD1748,2025-08-13,CUST1152,Beauty,Face Wash,5,1510.0,0.1,6795.01,1352.04,North,COD,Consumer,0.1989754246130616
ORD2010,2025-08-13,CUST1075,Sports,Cricket Bat,4,3427.41,0.05,13024.18,2635.15,West,UPI,Home Office,0.2023275169722777
ORD1799,2025-08-14,CUST1243,Electronics,Laptop,4,23600.14,0.15,80240.49,10929.0,West,COD,Home Office,0.1362030565865188
ORD1881,2025-08-14,CUST1094,Electronics,Laptop,1,20807.9,0.1,18727.11,3279.29,West,COD,Corporate,0.1751092400268915
ORD1794,2025-08-15,CUST1097,Fashion,Jeans,2,1103.27,0.1,1985.88,219.93,West,UPI,Home Office,0.1107468729228352
ORD1518,2025-08-15,CUST1101,Sports,Running Shoes,1,1671.17,0.0,1671.17,299.75,South,COD,Home Office,0.1793653548112998
ORD1111,2025-08-15,CUST1191,Sports,Football,4,2480.19,0.1,8928.69,1920.17,East,Debit Card,Consumer,0.2150561840538757
ORD1491,2025-08-16,CUST1149,Fashion,Sneakers,1,2809.72,0.05,2669.23,408.95,East,UPI,Corporate,0.1532089778700224
ORD2056,2025-08-16,CUST1091,Fashion,T-Shirt,4,2654.69,0.1,9556.87,1040.57,North,UPI,Consumer,0.1088818828758788
ORD1240,2025-08-16,CUST1174,Beauty,Face Wash,2,1430.67,0.1,2575.21,471.26,North,COD,Corporate,0.1829986680697884
ORD1732,2025-08-17,CUST1091,Electronics,Laptop,3,11436.16,0.05,32593.04,5369.27,West,UPI,Corporate,0.1647367045234197
ORD1372,2025-08-17,CUST1170,Home & Kitchen,Bedsheet,3,4541.02,0.2,10898.45,2165.77,South,COD,Consumer,0.1987227541531135
ORD1800,2025-08-17,CUST1015,Electronics,Smartphone,4,11196.96,0.15,38069.67,6656.22,North,COD,Home Office,0.1748431231476395
ORD2194,2025-08-17,CUST1143,Beauty,Shampoo,5,1383.07,0.15,5878.05,947.66,East,Wallet,Home Office,0.1612201325269434
ORD1668,2025-08-18,CUST1153,Sports,Football,2,2599.44,0.05,4938.94,673.31,East,Debit Card,Consumer,0.1363268231644847
ORD1149,2025-08-19,CUST1056,Fashion,Jacket,1,2903.59,0.05,2758.41,507.17,North,COD,Corporate,0.1838631675494216
ORD2135,2025-08-20,CUST1018,Electronics,Headphones,2,26888.61,0.0,53777.21,6831.9,North,UPI,Corporate,0.1270408040878282
ORD1095,2025-08-20,CUST1118,Home & Kitchen,Table Lamp,3,5404.6,0.1,14592.42,1966.49,South,UPI,Consumer,0.1347610608795525
ORD1615,2025-08-20,CUST1092,Home & Kitchen,Mixer,4,2849.05,0.0,11396.18,1654.43,West,Credit Card,Consumer,0.1451740846494176
ORD2148,2025-08-21,CUST1120,Electronics,Smartwatch,1,13254.27,0.05,12591.56,1327.59,North,UPI,Consumer,0.1054349103685325
ORD1459,2025-08-22,CUST1050,Sports,Yoga Mat,1,4311.87,0.1,3880.68,528.64,North,Wallet,Consumer,0.1362235484502716
ORD1399,2025-08-22,CUST1165,Beauty,Moisturizer,3,1524.29,0.0,4572.87,941.81,North,Debit Card,Corporate,0.205955996999696
ORD1789,2025-08-22,CUST1006,Electronics,Smartwatch,2,13036.85,0.05,24770.01,3398.13,South,Credit Card,Corporate,0.1371872679906064
ORD2111,2025-08-23,CUST1201,Home & Kitchen,Bedsheet,4,2019.76,0.15,6867.17,1151.96,East,UPI,Home Office,0.1677488688935908
ORD1947,2025-08-23,CUST1220,Beauty,Shampoo,1,1686.34,0.05,1602.03,429.97,West,Credit Card,Home Office,0.2683907292622485
ORD1970,2025-08-24,CUST1172,Electronics,Headphones,4,9668.82,0.15,32874.0,4464.57,West,Credit Card,Corporate,0.1358085417046906
ORD1787,2025-08-24,CUST1176,Home & Kitchen,Bedsheet,4,4919.89,0.05,18695.57,2465.52,West,UPI,Consumer,0.1318772308092237
ORD1452,2025-08-25,CUST1209,Beauty,Shampoo,3,1230.92,0.15,3138.84,697.59,North,Wallet,Home Office,0.2222445234545246
ORD1239,2025-08-26,CUST1072,Home & Kitchen,Bedsheet,5,3765.01,0.05,17883.8,3076.15,South,COD,Corporate,0.1720076270143929
ORD1954,2025-08-26,CUST1002,Beauty,Face Wash,1,692.44,0.2,553.95,104.6,South,Debit Card,Consumer,0.1888257062911814
ORD1426,2025-08-26,CUST1105,Sports,Yoga Mat,5,1271.14,0.0,6355.69,963.35,West,Wallet,Consumer,0.1515728426024554
ORD1034,2025-08-26,CUST1114,Home & Kitchen,Mixer,2,2529.18,0.0,5058.36,564.58,West,Wallet,Home Office,0.1116132501443155
ORD1712,2025-08-26,CUST1233,Beauty,Perfume,2,1326.24,0.05,2519.86,734.71,West,Credit Card,Home Office,0.2915677855118935
ORD1001,2025-08-27,CUST1184,Electronics,Smartwatch,3,21907.89,0.0,65723.66,5548.64,West,COD,Home Office,0.0844237828508028
ORD1776,2025-08-27,CUST1025,Fashion,Jeans,2,3105.06,0.1,5589.11,1229.94,East,UPI,Consumer,0.2200600811220391
ORD1009,2025-08-27,CUST1023,Home & Kitchen,Bedsheet,3,4520.25,0.1,12204.66,2081.11,East,Debit Card,Home Office,0.1705176547318811
ORD1592,2025-08-27,CUST1132,Sports,Yoga Mat,2,2289.56,0.0,4579.12,543.73,East,Credit Card,Consumer,0.1187411555058614
ORD1044,2025-08-27,CUST1134,Sports,Football,3,3209.39,0.05,9146.75,1871.75,West,UPI,Consumer,0.2046355262798261
ORD1992,2025-08-27,CUST1144,Electronics,Laptop,1,8860.66,0.15,7531.56,1308.36,South,Credit Card,Consumer,0.1737169988687602
ORD1701,2025-08-28,CUST1230,Home & Kitchen,Table Lamp,5,4884.88,0.05,23203.2,3518.35,West,Debit Card,Home Office,0.151632102468625
ORD1658,2025-08-28,CUST1057,Beauty,Moisturizer,3,1519.2,0.0,4557.61,829.2,East,COD,Consumer,0.1819374628368816
ORD2120,2025-08-28,CUST1086,Sports,Yoga Mat,1,2958.53,0.1,2662.68,506.35,West,Debit Card,Home Office,0.1901655474935028
ORD1414,2025-08-28,CUST1159,Beauty,Perfume,3,750.53,0.1,2026.43,460.06,South,Wallet,Consumer,0.2270298011774401
ORD1754,2025-08-28,CUST1154,Sports,Football,5,3936.06,0.05,18696.27,2385.13,West,Credit Card,Corporate,0.1275725051039592
ORD1391,2025-08-28,CUST1166,Sports,Cricket Bat,1,1945.25,0.15,1653.46,232.98,West,Credit Card,Home Office,0.1409045274757175
ORD1790,2025-08-28,CUST1174,Fashion,Sneakers,2,2428.26,0.0,4856.52,810.05,West,Wallet,Consumer,0.1667963891840247
ORD1160,2025-08-28,CUST1184,Fashion,Jeans,2,2360.74,0.1,4249.33,1130.36,South,Credit Card,Home Office,0.2660089943591107
ORD1227,2025-08-29,CUST1025,Fashion,Sneakers,3,1217.01,0.05,3468.49,624.57,West,Credit Card,Corporate,0.1800697133334679
ORD1409,2025-08-29,CUST1057,Electronics,Smartwatch,2,20154.39,0.05,38293.35,5969.44,East,UPI,Consumer,0.1558871187817205
ORD1594,2025-08-29,CUST1059,Electronics,Laptop,5,26031.22,0.05,123648.32,15480.41,West,UPI,Consumer,0.1251970912342359
ORD1986,2025-08-29,CUST1052,Home & Kitchen,Bedsheet,3,4953.89,0.05,14118.6,1974.65,West,UPI,Consumer,0.1398616010085986
ORD1449,2025-08-29,CUST1121,Beauty,Face Wash,5,1799.63,0.05,8548.26,2804.67,South,Wallet,Corporate,0.3280983498396165
ORD1580,2025-08-29,CUST1187,Home & Kitchen,Table Lamp,5,2029.8,0.05,9641.57,1219.75,West,Debit Card,Consumer,0.1265094792653063
ORD1919,2025-08-30,CUST1018,Sports,Running Shoes,2,3116.58,0.1,5609.84,1244.31,West,COD,Home Office,0.221808465125565
ORD1771,2025-08-30,CUST1200,Electronics,Headphones,3,21159.89,0.05,60305.68,8443.81,West,COD,Home Office,0.1400168276023087
ORD1835,2025-08-30,CUST1175,Fashion,Sneakers,2,2804.81,0.0,5609.62,968.34,East,Credit Card,Home Office,0.1726213183780719
ORD1380,2025-08-30,CUST1187,Sports,Football,1,2670.32,0.05,2536.81,408.39,South,Credit Card,Consumer,0.1609856473287317
ORD1357,2025-08-31,CUST1122,Electronics,Headphones,2,12827.95,0.1,23090.31,2967.45,West,Debit Card,Consumer,0.1285149484783876
ORD1737,2025-08-31,CUST1014,Electronics,Smartwatch,3,19977.85,0.1,53940.2,8762.74,East,Wallet,Home Office,0.1624528644684298
ORD2025,2025-08-31,CUST1183,Electronics,Smartphone,3,21289.4,0.05,60674.78,8897.51,South,Debit Card,Consumer,0.1466426413082997
ORD1008,2025-08-31,CUST1196,Beauty,Moisturizer,2,1145.77,0.1,2062.38,433.86,East,Credit Card,Consumer,0.2103686032641899
ORD1827,2025-08-31,CUST1229,Fashion,T-Shirt,3,1463.09,0.05,4169.82,592.38,East,Credit Card,Consumer,0.1420636862022821
ORD1704,2025-09-01,CUST1146,Sports,Football,5,4313.51,0.0,21567.53,3524.0,West,Wallet,Consumer,0.1633937683174661
ORD1482,2025-09-01,CUST1222,Sports,Football,4,3331.11,0.1,11992.01,1766.22,East,Credit Card,Consumer,0.1472830659747615
ORD2092,2025-09-01,CUST1060,Sports,Running Shoes,2,1453.8,0.15,2471.45,293.38,East,UPI,Corporate,0.118707641263226
ORD1346,2025-09-01,CUST1189,Home & Kitchen,Table Lamp,4,1696.59,0.0,6786.35,1497.9,South,Wallet,Consumer,0.2207224796834823
ORD1733,2025-09-01,CUST1156,Home & Kitchen,Mixer,3,2834.38,0.0,8503.15,902.91,South,UPI,Corporate,0.106185354839089
ORD1265,2025-09-02,CUST1036,Home & Kitchen,Mixer,4,1849.29,0.05,7027.31,1067.97,South,Credit Card,Corporate,0.1519742262686575
ORD1738,2025-09-02,CUST1072,Beauty,Moisturizer,5,624.94,0.05,2968.47,528.44,South,Credit Card,Corporate,0.1780176319787635
ORD1076,2025-09-02,CUST1015,Beauty,Shampoo,4,1023.92,0.1,3686.12,896.44,West,Wallet,Home Office,0.2431933849142187
ORD1691,2025-09-03,CUST1174,Electronics,Smartwatch,3,23015.53,0.1,62141.93,8230.61,South,UPI,Home Office,0.1324485737729742
ORD1495,2025-09-04,CUST1153,Home & Kitchen,Bedsheet,5,4730.95,0.1,21289.27,2190.41,South,Credit Card,Corporate,0.1028879806588013
ORD1795,2025-09-05,CUST1034,Beauty,Face Wash,4,751.56,0.1,2705.61,594.16,South,Debit Card,Consumer,0.2196029730818558
ORD1553,2025-09-05,CUST1080,Electronics,Smartphone,3,18470.89,0.05,52642.04,5325.07,North,Credit Card,Consumer,0.1011562241888802
ORD1341,2025-09-05,CUST1021,Fashion,Sneakers,4,1089.83,0.0,4359.33,817.67,South,Wallet,Corporate,0.1875678143200904
ORD1089,2025-09-05,CUST1160,Sports,Cricket Bat,1,3470.33,0.15,2949.78,713.39,South,Credit Card,Home Office,0.2418451545538989
ORD1609,2025-09-06,CUST1136,Home & Kitchen,Mixer,4,4846.96,0.2,15510.26,2537.88,West,COD,Consumer,0.1636258837698401
ORD1585,2025-09-06,CUST1227,Sports,Running Shoes,4,1319.82,0.05,5015.32,1045.02,West,Debit Card,Corporate,0.2083655678999545
ORD1602,2025-09-06,CUST1138,Beauty,Moisturizer,5,1557.2,0.05,7396.72,1578.42,North,Wallet,Corporate,0.2133945857082599
ORD1861,2025-09-06,CUST1121,Beauty,Moisturizer,3,599.97,0.1,1619.92,387.58,North,Credit Card,Corporate,0.2392587288261148
ORD2034,2025-09-07,CUST1051,Sports,Football,3,3950.81,0.0,11852.43,2490.36,South,UPI,Home Office,0.2101138753825165
ORD1621,2025-09-08,CUST1170,Beauty,Shampoo,1,586.09,0.05,556.78,132.26,South,UPI,Consumer,0.2375444520277309
ORD1760,2025-09-08,CUST1050,Sports,Running Shoes,3,3804.84,0.2,9131.61,1215.24,North,Wallet,Consumer,0.1330805849132847
ORD1529,2025-09-08,CUST1053,Beauty,Face Wash,3,655.29,0.05,1867.57,331.41,East,Credit Card,Consumer,0.1774551957891806
ORD1718,2025-09-09,CUST1171,Fashion,Jeans,3,1476.91,0.05,4209.21,688.29,North,UPI,Corporate,0.1635199954385739
ORD2001,2025-09-09,CUST1055,Home & Kitchen,Table Lamp,4,2238.6,0.0,8954.41,1746.44,South,Credit Card,Home Office,0.195036858933196
ORD2086,2025-09-09,CUST1051,Beauty,Moisturizer,5,1058.57,0.2,4234.3,840.91,West,Credit Card,Corporate,0.1985948090593486
ORD1416,2025-09-09,CUST1107,Electronics,Headphones,1,25941.89,0.0,25941.89,3085.72,West,Credit Card,Home Office,0.1189473858689555
ORD1267,2025-09-09,CUST1136,Fashion,Jacket,3,1359.51,0.1,3670.68,723.04,North,Credit Card,Corporate,0.1969771268538799
ORD2039,2025-09-09,CUST1087,Sports,Yoga Mat,4,2966.54,0.05,11272.85,1841.69,North,COD,Corporate,0.1633739471384787
ORD1443,2025-09-11,CUST1141,Home & Kitchen,Cookware Set,1,2986.75,0.05,2837.41,392.1,North,Wallet,Home Office,0.1381894051265062
ORD2134,2025-09-11,CUST1067,Sports,Cricket Bat,4,3237.52,0.0,12950.1,1850.25,West,Wallet,Home Office,0.1428753445919336
ORD1504,2025-09-12,CUST1082,Fashion,Sneakers,4,1046.36,0.0,4185.46,840.83,North,UPI,Corporate,0.2008930917987509
ORD1711,2025-09-12,CUST1104,Fashion,T-Shirt,4,2602.15,0.0,10408.61,2014.59,West,COD,Corporate,0.1935503395746406
ORD1324,2025-09-12,CUST1147,Fashion,Jacket,1,2597.71,0.05,2467.83,440.32,West,Credit Card,Home Office,0.1784239595109873
ORD2163,2025-09-12,CUST1114,Beauty,Shampoo,4,1567.94,0.1,5644.59,1535.62,West,Debit Card,Home Office,0.2720516459122806
ORD1143,2025-09-13,CUST1083,Home & Kitchen,Cookware Set,5,3284.18,0.15,13957.77,2424.59,East,Credit Card,Home Office,0.1737089807325955
ORD1560,2025-09-13,CUST1113,Fashion,Jacket,1,1264.63,0.1,1138.17,175.65,South,UPI,Home Office,0.1543266823058066
ORD1167,2025-09-13,CUST1050,Electronics,Smartwatch,1,10383.46,0.1,9345.12,823.89,North,Wallet,Home Office,0.0881625918126251
ORD1874,2025-09-13,CUST1162,Sports,Football,5,3127.69,0.05,14856.55,3439.79,East,Wallet,Home Office,0.2315335660028741
ORD1523,2025-09-14,CUST1102,Fashion,Sneakers,1,1627.79,0.05,1546.4,273.27,South,Debit Card,Home Office,0.1767136575271598
ORD1066,2025-09-14,CUST1164,Home & Kitchen,Bedsheet,3,2792.42,0.1,7539.55,1411.67,East,UPI,Corporate,0.1872353124523346
ORD2044,2025-09-14,CUST1210,Fashion,T-Shirt,4,2396.6,0.05,9107.08,1596.95,East,COD,Home Office,0.1753525828256697
ORD1666,2025-09-14,CUST1059,Beauty,Moisturizer,2,1241.95,0.0,2483.9,450.64,South,COD,Consumer,0.1814243729618744
ORD1470,2025-09-15,CUST1058,Electronics,Headphones,4,19825.1,0.0,79300.41,7691.3,West,Credit Card,Home Office,0.0969894102691272
ORD1303,2025-09-16,CUST1225,Electronics,Headphones,2,20938.27,0.05,39782.72,3671.36,West,Credit Card,Home Office,0.0922852937154623
ORD1060,2025-09-17,CUST1153,Fashion,T-Shirt,4,1121.89,0.1,4038.81,794.09,West,Credit Card,Home Office,0.1966148444715151
ORD1572,2025-09-18,CUST1088,Home & Kitchen,Cookware Set,2,1622.03,0.0,3244.06,587.4,West,UPI,Corporate,0.1810694006892597
ORD2118,2025-09-18,CUST1171,Electronics,Laptop,4,21677.89,0.1,78040.41,9730.96,West,COD,Consumer,0.1246912977520235
ORD1979,2025-09-18,CUST1209,Beauty,Moisturizer,5,783.15,0.0,3915.77,737.26,West,COD,Corporate,0.1882796997780768
ORD1431,2025-09-18,CUST1071,Sports,Yoga Mat,5,1613.69,0.1,7261.61,1409.49,South,Wallet,Corporate,0.1941015835331283
ORD1782,2025-09-18,CUST1078,Electronics,Smartphone,2,12525.27,0.1,22545.49,1495.75,South,Credit Card,Corporate,0.0663436456692668
ORD1943,2025-09-18,CUST1155,Fashion,Jeans,3,2851.06,0.1,7697.87,1295.96,West,Debit Card,Consumer,0.1683530638994942
ORD2043,2025-09-19,CUST1230,Home & Kitchen,Cookware Set,1,1987.22,0.05,1887.86,285.4,East,Credit Card,Corporate,0.1511764643564671
ORD1333,2025-09-19,CUST1196,Home & Kitchen,Table Lamp,2,5195.35,0.15,8832.1,1197.91,North,COD,Home Office,0.1356313900431381
ORD1532,2025-09-19,CUST1213,Electronics,Headphones,5,12871.35,0.1,57921.06,4852.93,South,UPI,Corporate,0.0837852414993786
ORD1396,2025-09-19,CUST1154,Beauty,Face Wash,1,907.25,0.0,907.25,249.64,West,UPI,Consumer,0.2751612014329016
ORD1278,2025-09-19,CUST1091,Fashion,Jeans,4,3053.35,0.1,10992.05,2170.13,South,UPI,Home Office,0.1974272314991289
ORD2070,2025-09-19,CUST1138,Fashion,Sneakers,2,2665.09,0.05,5063.66,913.83,West,Wallet,Home Office,0.180468277885956
ORD1379,2025-09-20,CUST1135,Electronics,Smartwatch,2,16640.1,0.15,28288.17,5142.38,South,COD,Consumer,0.1817855308420445
ORD1466,2025-09-20,CUST1125,Beauty,Moisturizer,4,1609.12,0.1,5792.82,1380.88,East,Debit Card,Home Office,0.2383778539640451
ORD1922,2025-09-21,CUST1175,Fashion,Jeans,2,2548.38,0.1,4587.08,768.87,East,Wallet,Corporate,0.1676164357281756
ORD1997,2025-09-21,CUST1144,Sports,Football,3,1334.08,0.1,3602.0,459.13,East,UPI,Corporate,0.1274652970571904
ORD2200,2025-09-21,CUST1191,Home & Kitchen,Table Lamp,2,4758.88,0.0,9517.76,931.67,East,Credit Card,Corporate,0.0978875281578858
ORD1049,2025-09-21,CUST1183,Beauty,Face Wash,1,1092.56,0.1,983.31,244.33,East,Credit Card,Home Office,0.2484770825070425
ORD1047,2025-09-21,CUST1002,Electronics,Laptop,3,20300.08,0.0,60900.24,10379.59,North,Debit Card,Corporate,0.1704359457368312
ORD1673,2025-09-22,CUST1246,Home & Kitchen,Mixer,1,2132.92,0.15,1812.98,261.72,South,COD,Consumer,0.1443590111308453
ORD1366,2025-09-22,CUST1021,Fashion,T-Shirt,1,3124.63,0.1,2812.17,643.9,West,Debit Card,Home Office,0.2289690879285391
ORD1749,2025-09-22,CUST1129,Fashion,Jeans,1,1162.13,0.0,1162.13,178.98,South,Credit Card,Consumer,0.1540103086573791
ORD1556,2025-09-22,CUST1175,Sports,Cricket Bat,5,2751.69,0.15,11694.69,2296.98,North,COD,Consumer,0.1964122178527177
ORD1852,2025-09-22,CUST1053,Electronics,Smartphone,1,20952.12,0.0,20952.12,2900.61,West,Credit Card,Home Office,0.1384399287518399
ORD1312,2025-09-22,CUST1216,Fashion,T-Shirt,5,3011.98,0.0,15059.92,2549.43,North,Wallet,Consumer,0.1692857598181132
ORD1924,2025-09-22,CUST1179,Beauty,Moisturizer,5,1715.27,0.1,7718.73,2118.72,East,Credit Card,Consumer,0.2744907517169275
ORD2187,2025-09-22,CUST1004,Fashion,Sneakers,5,1838.45,0.1,8273.03,1601.28,South,UPI,Corporate,0.1935542358724675
ORD1606,2025-09-22,CUST1176,Beauty,Perfume,2,1846.99,0.0,3693.98,778.05,North,Wallet,Home Office,0.2106264787573294
ORD1263,2025-09-23,CUST1165,Fashion,T-Shirt,3,2766.63,0.0,8299.9,1960.0,West,Credit Card,Consumer,0.2361474234629333
ORD1624,2025-09-23,CUST1100,Fashion,Jeans,3,2607.98,0.05,7432.73,1672.98,West,Credit Card,Corporate,0.225082843046902
ORD1022,2025-09-23,CUST1027,Beauty,Perfume,2,1749.14,0.0,3498.27,651.45,West,UPI,Corporate,0.1862206176195662
ORD1306,2025-09-24,CUST1190,Electronics,Smartwatch,2,17438.48,0.05,33133.1,5506.14,West,UPI,Consumer,0.1661824580253583
ORD1593,2025-09-24,CUST1217,Beauty,Moisturizer,3,971.87,0.2,2332.48,541.92,South,UPI,Corporate,0.2323363973110165
ORD1974,2025-09-24,CUST1243,Sports,Running Shoes,1,2580.57,0.05,2451.55,469.22,South,Debit Card,Consumer,0.1913972792722971
ORD1275,2025-09-24,CUST1041,Electronics,Smartwatch,3,13224.95,0.1,35707.35,2975.44,West,Debit Card,Consumer,0.0833285023951651
ORD1352,2025-09-24,CUST1167,Sports,Football,1,3866.74,0.2,3093.39,576.74,West,Credit Card,Home Office,0.1864427052521667
ORD1601,2025-09-25,CUST1008,Sports,Cricket Bat,1,3642.01,0.15,3095.71,651.56,South,Debit Card,Consumer,0.2104719111286263
ORD1408,2025-09-25,CUST1005,Electronics,Smartphone,2,27187.47,0.15,46218.7,9188.95,South,UPI,Home Office,0.1988145490894378
ORD1977,2025-09-26,CUST1144,Electronics,Laptop,3,10675.65,0.0,32026.94,3616.02,North,Wallet,Home Office,0.1129055726210496
ORD1927,2025-09-26,CUST1206,Sports,Yoga Mat,4,2026.18,0.2,6483.77,1340.64,South,UPI,Home Office,0.2067685929636615
ORD1780,2025-09-26,CUST1084,Beauty,Perfume,3,1630.67,0.1,4402.8,973.6,East,Credit Card,Consumer,0.221132006904697
ORD1313,2025-09-26,CUST1008,Home & Kitchen,Table Lamp,2,3216.04,0.1,5788.87,1260.46,East,Debit Card,Home Office,0.2177385223713782
ORD1936,2025-09-27,CUST1232,Electronics,Smartwatch,2,21171.48,0.0,42342.96,5722.25,West,UPI,Home Office,0.1351405286734796
ORD1724,2025-09-27,CUST1068,Sports,Cricket Bat,3,3806.08,0.05,10847.32,1595.41,West,COD,Corporate,0.147078725436329
ORD1051,2025-09-27,CUST1154,Home & Kitchen,Cookware Set,2,3704.02,0.15,6296.84,989.11,West,Debit Card,Consumer,0.1570803768239307
ORD1215,2025-09-27,CUST1221,Home & Kitchen,Cookware Set,5,1591.58,0.1,7162.1,519.28,North,UPI,Consumer,0.0725038745619301
ORD1086,2025-09-27,CUST1013,Sports,Yoga Mat,2,1982.37,0.1,3568.26,551.57,West,Debit Card,Consumer,0.1545767404841575
ORD2138,2025-09-27,CUST1219,Beauty,Moisturizer,5,942.22,0.0,4711.1,1332.94,South,UPI,Consumer,0.2829360446604826
ORD1968,2025-09-28,CUST1022,Beauty,Shampoo,1,748.89,0.0,748.89,175.72,East,UPI,Home Office,0.23464060142344
ORD1279,2025-09-28,CUST1075,Home & Kitchen,Cookware Set,1,2052.16,0.0,2052.16,334.14,South,Wallet,Home Office,0.1628235615156713
ORD1026,2025-09-30,CUST1235,Electronics,Headphones,1,12871.22,0.0,12871.22,2449.76,North,Wallet,Consumer,0.1903285003286402
ORD2186,2025-09-30,CUST1187,Sports,Running Shoes,4,1281.55,0.05,4869.88,1038.58,South,COD,Corporate,0.2132660353027179
ORD2046,2025-09-30,CUST1005,Home & Kitchen,Mixer,2,2284.44,0.1,4111.99,508.87,South,Wallet,Consumer,0.1237527328617044
ORD1985,2025-10-01,CUST1182,Electronics,Smartwatch,3,12287.13,0.1,33175.25,5546.53,East,UPI,Consumer,0.1671887928500915
ORD1465,2025-10-01,CUST1097,Fashion,Sneakers,4,3057.17,0.05,11617.25,2590.57,South,UPI,Corporate,0.2229933934450924
ORD1817,2025-10-02,CUST1100,Beauty,Face Wash,1,1385.03,0.1,1246.52,284.06,North,COD,Home Office,0.227882424670282
ORD2160,2025-10-02,CUST1232,Beauty,Shampoo,3,1847.12,0.05,5264.29,1156.8,South,Wallet,Corporate,0.2197447329079515
ORD1287,2025-10-02,CUST1243,Fashion,T-Shirt,2,1092.75,0.05,2076.22,388.15,South,Credit Card,Home Office,0.1869503231834776
ORD2088,2025-10-03,CUST1009,Fashion,Jacket,2,1955.81,0.15,3324.87,907.65,South,Debit Card,Corporate,0.2729881168286279
ORD2083,2025-10-03,CUST1224,Beauty,Shampoo,4,877.54,0.0,3510.16,723.7,East,UPI,Corporate,0.2061729379857328
ORD1496,2025-10-04,CUST1227,Beauty,Face Wash,2,1297.05,0.1,2334.7,481.52,West,COD,Home Office,0.2062449136934081
ORD1499,2025-10-04,CUST1071,Beauty,Perfume,3,1153.28,0.05,3286.83,738.85,West,Credit Card,Consumer,0.2247910600791644
ORD1377,2025-10-04,CUST1153,Fashion,Jacket,4,2562.58,0.05,9737.81,2650.79,East,UPI,Consumer,0.2722162375318475
ORD1765,2025-10-04,CUST1057,Fashion,T-Shirt,2,2811.98,0.0,5623.97,1511.3,West,UPI,Home Office,0.2687247620453167
ORD1867,2025-10-04,CUST1226,Sports,Yoga Mat,2,4244.44,0.05,8064.44,1694.66,South,Credit Card,Consumer,0.2101398237199359
ORD1862,2025-10-04,CUST1218,Fashion,Sneakers,5,2768.52,0.2,11074.08,1895.44,South,Wallet,Consumer,0.1711600421886062
ORD2107,2025-10-04,CUST1075,Home & Kitchen,Table Lamp,2,3761.88,0.15,6395.19,805.33,East,UPI,Consumer,0.1259274548527878
ORD1269,2025-10-05,CUST1192,Fashion,Sneakers,1,1590.87,0.05,1511.33,281.06,North,Wallet,Consumer,0.1859686501293562
ORD1423,2025-10-05,CUST1235,Beauty,Moisturizer,2,769.39,0.0,1538.77,403.99,South,COD,Consumer,0.2625408605574582
ORD2066,2025-10-06,CUST1083,Fashion,Sneakers,2,2503.91,0.0,5007.82,868.03,East,Credit Card,Home Office,0.1733349042098158
ORD1050,2025-10-06,CUST1092,Sports,Running Shoes,4,2228.48,0.0,8913.9,1634.98,North,UPI,Home Office,0.1834191543544352
ORD1468,2025-10-07,CUST1218,Home & Kitchen,Table Lamp,4,1997.18,0.05,7589.27,1155.38,East,Wallet,Corporate,0.1522386211058507
ORD1029,2025-10-07,CUST1207,Sports,Yoga Mat,3,3736.7,0.1,10089.1,1246.77,North,UPI,Corporate,0.1235759383889544
ORD1984,2025-10-08,CUST1064,Sports,Cricket Bat,2,2249.62,0.1,4049.32,576.83,East,Wallet,Consumer,0.1424510782057234
ORD2062,2025-10-08,CUST1237,Sports,Yoga Mat,5,4177.2,0.1,18797.38,2604.46,North,Credit Card,Consumer,0.1385544155621687
ORD1401,2025-10-08,CUST1088,Sports,Yoga Mat,5,2264.58,0.0,11322.9,1794.86,North,COD,Corporate,0.1585159278983299
ORD2071,2025-10-08,CUST1142,Beauty,Perfume,5,1301.82,0.05,6183.65,1094.5,East,Wallet,Consumer,0.1769990216134483
ORD1869,2025-10-08,CUST1009,Fashion,Sneakers,1,1405.36,0.0,1405.36,230.81,South,Debit Card,Home Office,0.1642354983776399
ORD1751,2025-10-08,CUST1033,Sports,Cricket Bat,3,2598.58,0.0,7795.74,1345.73,North,Debit Card,Home Office,0.1726237663133968
ORD1113,2025-10-09,CUST1067,Sports,Cricket Bat,5,3362.35,0.0,16811.76,2187.55,South,UPI,Home Office,0.1301202253660533
ORD2191,2025-10-09,CUST1069,Fashion,Sneakers,4,2486.71,0.0,9946.83,1789.61,North,COD,Corporate,0.1799176219961535
ORD1236,2025-10-10,CUST1221,Home & Kitchen,Mixer,3,4033.1,0.1,10889.37,1083.83,East,Debit Card,Corporate,0.0995310105175965
ORD2180,2025-10-10,CUST1077,Electronics,Smartphone,5,25517.33,0.1,114827.99,15252.88,North,UPI,Home Office,0.1328324217814837
ORD2123,2025-10-10,CUST1247,Sports,Running Shoes,1,3354.55,0.0,3354.55,459.51,South,Wallet,Corporate,0.1369811152017409
ORD2075,2025-10-10,CUST1059,Beauty,Perfume,1,1780.24,0.0,1780.24,494.48,West,UPI,Consumer,0.2777603019817553
ORD1904,2025-10-10,CUST1139,Home & Kitchen,Bedsheet,1,2183.69,0.05,2074.51,278.23,North,Credit Card,Corporate,0.1341184183252912
ORD2154,2025-10-11,CUST1034,Beauty,Moisturizer,1,1342.85,0.1,1208.57,352.34,East,Debit Card,Consumer,0.2915346235633848
ORD1140,2025-10-12,CUST1062,Electronics,Smartphone,4,21323.41,0.0,85293.65,10270.65,West,COD,Consumer,0.1204151774487315
ORD1773,2025-10-12,CUST1063,Sports,Yoga Mat,1,3466.94,0.1,3120.25,555.73,East,Credit Card,Corporate,0.1781043185642176
ORD2055,2025-10-13,CUST1194,Electronics,Headphones,1,20432.61,0.05,19410.98,3103.79,North,Credit Card,Consumer,0.1598986759040501
ORD1406,2025-10-13,CUST1124,Beauty,Face Wash,5,1354.9,0.0,6774.49,1866.44,East,Debit Card,Consumer,0.2755100383940341
ORD1410,2025-10-13,CUST1080,Beauty,Shampoo,3,810.94,0.05,2311.19,593.98,West,COD,Home Office,0.2570018042653352
ORD1281,2025-10-13,CUST1065,Sports,Yoga Mat,1,1303.5,0.15,1107.98,180.76,East,UPI,Home Office,0.1631437390566616
ORD2171,2025-10-14,CUST1096,Fashion,Sneakers,1,3190.91,0.15,2712.28,598.51,West,Wallet,Corporate,0.2206667453212795
ORD2162,2025-10-14,CUST1003,Fashion,T-Shirt,3,2587.32,0.0,7761.97,1948.27,East,Wallet,Corporate,0.2510020007807296
ORD1635,2025-10-15,CUST1138,Sports,Cricket Bat,1,1512.31,0.05,1436.7,272.75,South,Credit Card,Corporate,0.1898447831836848
ORD2030,2025-10-15,CUST1136,Sports,Cricket Bat,1,3245.42,0.05,3083.15,458.36,East,Debit Card,Home Office,0.1486661369054376
ORD1574,2025-10-15,CUST1100,Sports,Running Shoes,4,3798.66,0.1,13675.16,3890.39,West,COD,Consumer,0.2844858853571
ORD1015,2025-10-15,CUST1177,Fashion,Sneakers,3,1223.27,0.15,3119.33,653.22,North,Credit Card,Home Office,0.2094103541465635
ORD1642,2025-10-15,CUST1149,Home & Kitchen,Table Lamp,1,2727.58,0.1,2454.82,508.82,West,UPI,Consumer,0.2072738530727303
ORD1866,2025-10-15,CUST1045,Home & Kitchen,Table Lamp,4,4470.61,0.0,17882.45,2171.11,North,COD,Home Office,0.1214100976096675
ORD1187,2025-10-16,CUST1032,Fashion,Jeans,1,3323.78,0.0,3323.78,743.19,South,COD,Corporate,0.2235978313847487
ORD1619,2025-10-16,CUST1073,Beauty,Shampoo,5,681.72,0.1,3067.75,602.16,West,COD,Home Office,0.1962871811588297
ORD1596,2025-10-16,CUST1217,Beauty,Moisturizer,2,909.87,0.1,1637.76,320.64,North,COD,Consumer,0.1957796014067995
ORD1210,2025-10-17,CUST1249,Fashion,T-Shirt,4,3102.45,0.15,10548.32,2208.79,West,UPI,Corporate,0.2093973258300848
ORD1460,2025-10-17,CUST1198,Electronics,Smartphone,3,8232.97,0.05,23463.97,3031.08,South,UPI,Home Office,0.1291801856207624
ORD2103,2025-10-17,CUST1249,Home & Kitchen,Bedsheet,3,2644.21,0.0,7932.63,1683.55,East,COD,Consumer,0.2122310003113721
ORD1502,2025-10-17,CUST1177,Sports,Football,3,1501.04,0.1,4052.8,413.97,South,COD,Consumer,0.1021441966048164
ORD2051,2025-10-18,CUST1239,Beauty,Perfume,5,1800.3,0.0,9001.5,2391.88,East,Wallet,Consumer,0.2657201577514859
ORD1393,2025-10-18,CUST1164,Home & Kitchen,Table Lamp,3,2179.55,0.0,6538.64,829.03,South,Wallet,Home Office,0.1267893629256236
ORD1180,2025-10-18,CUST1072,Electronics,Smartwatch,1,14115.17,0.15,11997.9,1474.51,West,Wallet,Corporate,0.1228973403678977
ORD1193,2025-10-18,CUST1032,Beauty,Perfume,2,1355.48,0.15,2304.32,608.65,West,Credit Card,Consumer,0.2641343216219969
ORD1116,2025-10-19,CUST1052,Sports,Running Shoes,1,3550.29,0.0,3550.29,840.27,North,Wallet,Corporate,0.2366764405161268
ORD1068,2025-10-19,CUST1210,Home & Kitchen,Cookware Set,3,3477.45,0.0,10432.34,1807.88,South,Wallet,Home Office,0.1732957323093381
ORD2122,2025-10-19,CUST1044,Home & Kitchen,Cookware Set,1,4516.93,0.05,4291.08,493.64,West,Debit Card,Corporate,0.1150386382915256
ORD1073,2025-10-20,CUST1209,Fashion,Jacket,5,2074.75,0.05,9855.08,2275.8,North,COD,Consumer,0.230926588114962
ORD2181,2025-10-20,CUST1067,Fashion,Jacket,4,2199.28,0.0,8797.11,1482.95,North,Debit Card,Home Office,0.1685724061652065
ORD1407,2025-10-20,CUST1229,Fashion,Sneakers,3,3126.4,0.05,8910.24,1452.47,North,Debit Card,Corporate,0.1630113218050243
ORD1301,2025-10-20,CUST1008,Home & Kitchen,Table Lamp,3,3738.74,0.0,11216.21,1686.86,North,Debit Card,Consumer,0.1503948303393035
ORD2140,2025-10-20,CUST1238,Sports,Running Shoes,3,2875.69,0.0,8627.07,1505.06,South,Credit Card,Corporate,0.1744578402632643
ORD1857,2025-10-20,CUST1003,Beauty,Moisturizer,5,742.12,0.1,3339.55,878.8,North,COD,Corporate,0.2631492266922189
ORD1253,2025-10-21,CUST1169,Sports,Yoga Mat,1,1738.62,0.1,1564.76,301.92,West,Debit Card,Corporate,0.1929497175285666
ORD1254,2025-10-21,CUST1003,Electronics,Laptop,1,11636.36,0.15,9890.91,1157.46,West,COD,Consumer,0.117022599538364
ORD1362,2025-10-22,CUST1103,Home & Kitchen,Table Lamp,4,2221.56,0.1,7997.62,1081.36,South,Credit Card,Consumer,0.1352102250419499
ORD1320,2025-10-22,CUST1139,Sports,Football,3,2176.03,0.05,6201.68,1395.36,North,Debit Card,Home Office,0.2249970975606609
ORD1759,2025-10-22,CUST1223,Electronics,Laptop,5,9240.94,0.1,41584.25,5285.74,West,Debit Card,Consumer,0.1271091819619206
ORD1806,2025-10-22,CUST1159,Home & Kitchen,Mixer,4,3127.1,0.0,12508.41,1770.1,West,Wallet,Consumer,0.1415127901947569
ORD1247,2025-10-22,CUST1188,Fashion,Jacket,2,1596.05,0.05,3032.49,496.8,South,Wallet,Consumer,0.1638257669439965
ORD1255,2025-10-23,CUST1140,Sports,Cricket Bat,4,3106.23,0.2,9939.95,1053.7,West,Credit Card,Home Office,0.1060065694495445
ORD1433,2025-10-23,CUST1075,Electronics,Smartphone,2,8950.91,0.0,17901.81,1712.51,East,UPI,Consumer,0.0956612767088914
ORD1935,2025-10-23,CUST1126,Sports,Running Shoes,1,1906.55,0.0,1906.55,356.03,North,COD,Consumer,0.1867404474049985
ORD2188,2025-10-23,CUST1055,Sports,Yoga Mat,5,1314.85,0.05,6245.55,1207.4,West,COD,Consumer,0.193321645011248
ORD1859,2025-10-23,CUST1176,Electronics,Headphones,3,12554.37,0.1,33896.8,3555.35,East,Credit Card,Consumer,0.1048874820042009
ORD1661,2025-10-23,CUST1015,Home & Kitchen,Bedsheet,1,4935.3,0.1,4441.77,629.78,South,Debit Card,Corporate,0.1417858196169545
ORD1770,2025-10-24,CUST1205,Sports,Running Shoes,4,3387.37,0.0,13549.48,1378.75,South,Wallet,Home Office,0.1017566725807927
ORD1741,2025-10-24,CUST1027,Electronics,Smartphone,1,25181.99,0.05,23922.89,3065.63,South,Wallet,Corporate,0.1281463067380237
ORD1662,2025-10-24,CUST1228,Fashion,Jacket,1,1531.92,0.05,1455.33,295.9,West,Credit Card,Consumer,0.2033215834209423
ORD1941,2025-10-25,CUST1064,Fashion,Jeans,2,1269.7,0.2,2031.52,398.82,West,Wallet,Corporate,0.1963160589115539
ORD1637,2025-10-25,CUST1250,Home & Kitchen,Cookware Set,1,5253.22,0.05,4990.56,888.13,North,UPI,Corporate,0.1779619922413516
ORD1345,2025-10-26,CUST1143,Sports,Cricket Bat,2,1533.3,0.05,2913.27,559.62,West,Wallet,Corporate,0.1920934207951889
ORD1541,2025-10-26,CUST1250,Beauty,Perfume,5,1058.57,0.1,4763.58,1172.09,North,UPI,Consumer,0.2460523387872146
ORD1456,2025-10-27,CUST1140,Sports,Football,1,4292.59,0.0,4292.59,919.02,East,UPI,Corporate,0.214094521023438
ORD1224,2025-10-27,CUST1072,Beauty,Face Wash,4,695.55,0.0,2782.22,617.29,West,COD,Corporate,0.2218695861578164
ORD1168,2025-10-27,CUST1250,Beauty,Face Wash,1,598.31,0.05,568.4,139.55,East,Debit Card,Home Office,0.2455137227304715
ORD1933,2025-10-28,CUST1128,Beauty,Face Wash,5,576.01,0.0,2880.07,603.46,South,Wallet,Corporate,0.2095296294881721
ORD1211,2025-10-28,CUST1054,Beauty,Shampoo,4,994.93,0.1,3581.73,857.08,West,UPI,Consumer,0.2392921856197982
ORD2128,2025-10-29,CUST1194,Electronics,Headphones,2,24695.89,0.15,41983.0,6522.34,East,Credit Card,Home Office,0.1553566919943786
ORD2105,2025-10-29,CUST1127,Electronics,Smartwatch,5,8715.6,0.05,41399.12,6435.53,South,Debit Card,Corporate,0.1554508888111631
ORD1174,2025-10-29,CUST1150,Fashion,Sneakers,1,2608.85,0.0,2608.85,601.93,West,Wallet,Corporate,0.2307261820342296
ORD1139,2025-10-29,CUST1222,Fashion,T-Shirt,1,2576.35,0.1,2318.72,448.11,East,Credit Card,Home Office,0.1932574868893182
ORD2164,2025-10-30,CUST1060,Beauty,Face Wash,5,896.39,0.0,4481.93,938.1,North,Credit Card,Consumer,0.209307151160326
ORD1328,2025-10-30,CUST1148,Beauty,Moisturizer,5,986.94,0.05,4687.97,649.53,East,UPI,Home Office,0.1385525078018843
ORD1315,2025-10-30,CUST1175,Beauty,Shampoo,3,1228.31,0.05,3500.67,924.25,South,Credit Card,Home Office,0.2640208874301205
ORD1678,2025-10-30,CUST1141,Beauty,Perfume,2,928.81,0.0,1857.63,297.4,West,COD,Home Office,0.1600964670036551
ORD1564,2025-10-30,CUST1128,Beauty,Moisturizer,3,1487.77,0.05,4240.14,675.6,South,Credit Card,Consumer,0.1593343616012678
ORD1710,2025-10-30,CUST1085,Beauty,Shampoo,5,595.89,0.15,2532.52,635.53,North,Wallet,Consumer,0.2509476726738584
ORD1714,2025-10-30,CUST1037,Beauty,Face Wash,3,1856.07,0.0,5568.22,1430.52,South,UPI,Corporate,0.2569079526311819
ORD1900,2025-10-31,CUST1205,Beauty,Face Wash,3,1057.32,0.05,3013.36,686.45,South,Wallet,Corporate,0.2278021875912602
ORD1311,2025-10-31,CUST1130,Fashion,Jacket,2,1157.32,0.0,2314.64,509.11,East,COD,Home Office,0.2199521307849169
ORD1517,2025-10-31,CUST1179,Electronics,Smartwatch,5,10920.67,0.1,49143.01,6009.06,North,Debit Card,Home Office,0.1222770033825766
ORD1150,2025-10-31,CUST1106,Electronics,Headphones,1,19033.26,0.1,17129.94,2703.49,North,COD,Corporate,0.1578225025890341
ORD1271,2025-11-01,CUST1193,Electronics,Smartwatch,5,20007.18,0.1,90032.31,12939.48,North,COD,Corporate,0.1437204043748294
ORD1812,2025-11-01,CUST1242,Sports,Football,5,4277.7,0.0,21388.52,5064.1,South,Wallet,Corporate,0.2367672003485982
ORD2114,2025-11-02,CUST1106,Beauty,Face Wash,2,1195.63,0.1,2152.14,351.93,South,Wallet,Consumer,0.163525607070172
ORD1830,2025-11-02,CUST1161,Beauty,Face Wash,5,773.99,0.0,3869.96,781.11,East,UPI,Consumer,0.2018392954965943
ORD2058,2025-11-02,CUST1090,Electronics,Headphones,2,13175.76,0.0,26351.51,2093.45,East,COD,Consumer,0.0794432653005463
ORD1508,2025-11-03,CUST1157,Beauty,Moisturizer,3,1250.62,0.0,3751.85,1028.22,West,Credit Card,Corporate,0.2740567986460013
ORD1131,2025-11-03,CUST1208,Beauty,Face Wash,5,1518.93,0.05,7214.92,1701.36,West,Wallet,Home Office,0.2358113464875563
ORD1531,2025-11-03,CUST1180,Beauty,Face Wash,2,558.65,0.0,1117.29,341.47,North,Credit Card,Consumer,0.3056234281162456
ORD1955,2025-11-03,CUST1249,Home & Kitchen,Cookware Set,3,2948.79,0.0,8846.36,1223.57,East,Credit Card,Corporate,0.1383133853924099
ORD1638,2025-11-04,CUST1110,Home & Kitchen,Bedsheet,3,2378.6,0.0,7135.8,893.31,West,Debit Card,Home Office,0.1251870848398217
ORD1007,2025-11-04,CUST1202,Home & Kitchen,Table Lamp,2,4202.61,0.0,8405.22,1460.51,South,UPI,Home Office,0.1737622572639383
ORD1779,2025-11-04,CUST1143,Beauty,Moisturizer,3,1271.87,0.05,3624.84,1200.89,South,UPI,Consumer,0.331294622659207
ORD2054,2025-11-05,CUST1047,Home & Kitchen,Mixer,2,3270.45,0.0,6540.9,1109.76,North,COD,Consumer,0.1696647250378388
ORD1266,2025-11-05,CUST1211,Fashion,T-Shirt,2,2070.26,0.2,3312.42,563.04,East,UPI,Consumer,0.1699784447624395
ORD1327,2025-11-05,CUST1046,Electronics,Laptop,3,21545.22,0.0,64635.66,11967.21,West,Credit Card,Consumer,0.1851487244038352
ORD1136,2025-11-05,CUST1113,Beauty,Moisturizer,5,1718.08,0.1,7731.38,1864.43,North,Debit Card,Corporate,0.2411509976226754
ORD1655,2025-11-06,CUST1217,Electronics,Laptop,2,22289.97,0.05,42350.95,5408.08,South,COD,Corporate,0.1276967813000653
ORD1222,2025-11-06,CUST1013,Sports,Cricket Bat,3,3931.66,0.05,11205.24,1579.08,North,Debit Card,Home Office,0.140923353716654
ORD1784,2025-11-06,CUST1195,Home & Kitchen,Bedsheet,4,2023.93,0.15,6881.35,1168.62,North,Wallet,Consumer,0.1698242350701533
ORD1669,2025-11-07,CUST1092,Electronics,Smartphone,5,18490.94,0.1,83209.25,14302.72,North,Wallet,Home Office,0.171888582098745
ORD1124,2025-11-07,CUST1184,Electronics,Smartphone,3,13961.45,0.05,39790.13,5715.42,East,UPI,Home Office,0.1436391386507156
ORD1948,2025-11-07,CUST1113,Home & Kitchen,Table Lamp,5,4137.51,0.0,20687.55,2858.52,South,UPI,Consumer,0.1381758593936933
ORD1177,2025-11-07,CUST1054,Sports,Football,3,1754.61,0.1,4737.45,452.32,North,Debit Card,Consumer,0.095477524828758
ORD1742,2025-11-07,CUST1175,Beauty,Face Wash,3,1047.62,0.05,2985.73,565.91,West,COD,Home Office,0.1895382368800929
ORD1472,2025-11-07,CUST1139,Electronics,Smartphone,4,14911.94,0.1,53682.97,9037.17,West,UPI,Home Office,0.1683433312277618
ORD1758,2025-11-08,CUST1206,Sports,Yoga Mat,2,1559.41,0.0,3118.83,516.63,North,COD,Corporate,0.1656486567078039
ORD1176,2025-11-08,CUST1117,Beauty,Face Wash,2,547.22,0.1,985.0,170.97,South,Wallet,Home Office,0.1735736040609137
ORD1494,2025-11-08,CUST1183,Beauty,Moisturizer,2,1598.38,0.15,2717.24,535.71,West,UPI,Corporate,0.1971522574376941
ORD2147,2025-11-08,CUST1084,Sports,Cricket Bat,2,2526.31,0.15,4294.73,721.95,West,Debit Card,Corporate,0.1681013707497328
ORD1860,2025-11-09,CUST1184,Home & Kitchen,Cookware Set,5,5247.77,0.15,22303.03,3075.24,North,UPI,Corporate,0.1378844040473424
ORD1276,2025-11-09,CUST1133,Fashion,Jeans,2,3353.2,0.0,6706.39,1361.95,South,UPI,Consumer,0.2030824333210565
ORD1667,2025-11-09,CUST1094,Electronics,Laptop,3,19996.82,0.05,56990.93,6519.83,South,Wallet,Corporate,0.1144011862940296
ORD1070,2025-11-09,CUST1039,Sports,Yoga Mat,4,3110.59,0.0,12442.35,824.2,South,Debit Card,Home Office,0.0662415058248642
ORD1114,2025-11-10,CUST1054,Electronics,Smartwatch,2,17402.06,0.1,31323.7,4104.0,West,COD,Corporate,0.1310190047791289
ORD1679,2025-11-10,CUST1106,Fashion,Jeans,1,2224.17,0.15,1890.55,395.04,South,COD,Home Office,0.2089550659860887
ORD1225,2025-11-10,CUST1073,Home & Kitchen,Bedsheet,2,5090.64,0.0,10181.28,1718.3,West,COD,Consumer,0.1687705278707588
ORD1769,2025-11-11,CUST1203,Fashion,Jacket,5,3085.86,0.0,15429.31,1917.03,South,Wallet,Home Office,0.1242459967425633
ORD1365,2025-11-11,CUST1248,Fashion,Jacket,2,1489.18,0.0,2978.36,353.01,West,UPI,Home Office,0.1185249600451255
ORD1798,2025-11-11,CUST1114,Sports,Cricket Bat,3,1626.08,0.1,4390.42,820.54,West,Debit Card,Consumer,0.1868932812806064
ORD1191,2025-11-11,CUST1218,Fashion,T-Shirt,2,1519.26,0.1,2734.68,547.33,West,Wallet,Consumer,0.2001440753579944
ORD1814,2025-11-12,CUST1014,Electronics,Headphones,2,15314.81,0.1,27566.66,2230.88,North,Wallet,Consumer,0.080926742666685
ORD1939,2025-11-13,CUST1221,Home & Kitchen,Mixer,1,1813.04,0.05,1722.39,318.28,North,COD,Corporate,0.1847897398382479
ORD1441,2025-11-13,CUST1200,Electronics,Headphones,1,14262.22,0.0,14262.22,2096.25,North,COD,Consumer,0.1469792220285481
ORD1525,2025-11-13,CUST1188,Beauty,Face Wash,5,1101.56,0.2,4406.23,1079.5,South,COD,Consumer,0.244994019831012
ORD1302,2025-11-14,CUST1154,Beauty,Moisturizer,5,1536.03,0.15,6528.14,1184.94,East,UPI,Consumer,0.1815126513830892
ORD2106,2025-11-14,CUST1108,Sports,Cricket Bat,4,1372.55,0.1,4941.18,747.89,South,COD,Home Office,0.1513585823629173
ORD1739,2025-11-14,CUST1065,Fashion,Jacket,2,2612.28,0.0,5224.56,1124.45,South,Credit Card,Corporate,0.215223865741804
ORD1693,2025-11-14,CUST1061,Sports,Football,2,4065.84,0.05,7725.09,950.9,West,Credit Card,Corporate,0.1230924170462738
ORD1374,2025-11-15,CUST1010,Electronics,Smartphone,3,8660.19,0.1,23382.51,3132.92,East,COD,Corporate,0.1339856157444175
ORD1562,2025-11-15,CUST1045,Fashion,Sneakers,5,2337.12,0.05,11101.3,1589.18,East,COD,Consumer,0.1431526037491104
ORD1923,2025-11-16,CUST1241,Beauty,Face Wash,2,1192.18,0.1,2145.92,627.66,East,Credit Card,Home Office,0.292489934387116
ORD1288,2025-11-17,CUST1224,Home & Kitchen,Mixer,5,3214.99,0.05,15271.19,2314.31,North,UPI,Corporate,0.1515474563540889
ORD1600,2025-11-17,CUST1029,Home & Kitchen,Table Lamp,3,2731.23,0.05,7784.01,962.72,North,COD,Home Office,0.1236791833515116
ORD1578,2025-11-17,CUST1209,Beauty,Shampoo,3,781.43,0.0,2344.3,493.78,South,Debit Card,Consumer,0.2106300388175574
ORD1507,2025-11-17,CUST1020,Sports,Cricket Bat,3,2587.13,0.05,7373.31,1317.21,North,Credit Card,Consumer,0.1786456828751266
ORD1458,2025-11-17,CUST1170,Fashion,T-Shirt,1,2820.84,0.05,2679.8,338.27,South,UPI,Home Office,0.1262295693708485
ORD1652,2025-11-17,CUST1144,Electronics,Smartwatch,5,25512.81,0.0,127564.03,19169.61,East,Debit Card,Consumer,0.1502744151309738
ORD1035,2025-11-18,CUST1231,Sports,Cricket Bat,1,1710.21,0.15,1453.68,196.92,East,UPI,Home Office,0.1354631005448241
ORD1886,2025-11-19,CUST1213,Fashion,Sneakers,5,1607.29,0.1,7232.79,1416.13,North,Wallet,Corporate,0.1957930480492313
ORD1670,2025-11-19,CUST1061,Electronics,Headphones,1,11084.73,0.05,10530.5,1437.94,West,Debit Card,Consumer,0.1365500213665068
ORD1700,2025-11-20,CUST1013,Electronics,Smartwatch,2,14592.04,0.15,24806.47,3322.68,South,UPI,Corporate,0.1339440879738229
ORD1887,2025-11-20,CUST1161,Electronics,Smartphone,5,14449.47,0.1,65022.61,10668.97,South,COD,Consumer,0.1640809250812909
ORD1643,2025-11-20,CUST1110,Beauty,Moisturizer,1,702.32,0.0,702.32,153.26,North,Debit Card,Corporate,0.2182196149903177
ORD2037,2025-11-21,CUST1221,Electronics,Smartphone,5,13468.51,0.0,67342.54,7517.4,South,Credit Card,Home Office,0.1116292910840607
ORD1575,2025-11-22,CUST1236,Sports,Cricket Bat,3,3543.66,0.15,9036.32,1822.37,North,UPI,Corporate,0.201671698213432
ORD1004,2025-11-22,CUST1049,Sports,Football,4,2697.5,0.0,10790.0,1990.17,West,COD,Home Office,0.1844457831325301
ORD1165,2025-11-22,CUST1163,Electronics,Smartphone,1,16470.13,0.0,16470.13,2082.09,North,Wallet,Consumer,0.1264161242200274
ORD1870,2025-11-22,CUST1231,Beauty,Shampoo,1,1223.75,0.05,1162.56,239.88,North,Wallet,Consumer,0.2063377374071015
ORD1360,2025-11-22,CUST1043,Home & Kitchen,Bedsheet,2,4049.79,0.2,6479.67,732.15,North,Credit Card,Consumer,0.1129918653264749
ORD1577,2025-11-23,CUST1086,Home & Kitchen,Table Lamp,1,3763.91,0.0,3763.91,426.45,North,Wallet,Home Office,0.1132997335217898
ORD1690,2025-11-23,CUST1153,Home & Kitchen,Cookware Set,4,4199.2,0.0,16796.81,2238.41,East,UPI,Home Office,0.1332639947704355
ORD1899,2025-11-24,CUST1165,Fashion,Jeans,2,2420.42,0.15,4114.71,665.16,North,Credit Card,Home Office,0.1616541627477999
ORD1296,2025-11-24,CUST1177,Electronics,Headphones,3,9429.68,0.0,28289.05,3307.86,North,UPI,Corporate,0.1169307558931812
ORD1764,2025-11-24,CUST1017,Beauty,Shampoo,3,781.75,0.2,1876.19,508.03,East,UPI,Home Office,0.2707774798927613
ORD2012,2025-11-24,CUST1186,Fashion,Jacket,1,2606.37,0.05,2476.06,431.25,West,Wallet,Home Office,0.1741678311511029
ORD2064,2025-11-24,CUST1007,Home & Kitchen,Mixer,3,4561.27,0.1,12315.43,1426.82,North,Credit Card,Home Office,0.1158562876001893
ORD1837,2025-11-25,CUST1080,Home & Kitchen,Bedsheet,5,5390.46,0.0,26952.32,4942.13,West,Wallet,Home Office,0.1833656620283523
ORD1207,2025-11-25,CUST1006,Sports,Football,2,4124.41,0.05,7836.38,1245.74,West,Wallet,Corporate,0.1589688095778918
ORD1349,2025-11-25,CUST1168,Home & Kitchen,Table Lamp,3,3732.44,0.05,10637.45,1770.37,South,Credit Card,Home Office,0.1664280443151319
ORD1040,2025-11-26,CUST1201,Sports,Running Shoes,2,3660.79,0.1,6589.42,1052.82,West,COD,Consumer,0.1597743048705348
ORD1122,2025-11-26,CUST1246,Sports,Running Shoes,4,4195.24,0.0,16780.95,3022.45,West,Wallet,Consumer,0.1801119722065794
ORD1976,2025-11-26,CUST1072,Electronics,Headphones,3,25482.95,0.0,76448.86,11712.65,East,COD,Corporate,0.1532089556338708
ORD1199,2025-11-26,CUST1109,Beauty,Moisturizer,3,1670.22,0.1,4509.6,1273.9,East,COD,Home Office,0.2824862515522441
ORD2019,2025-11-27,CUST1118,Electronics,Smartwatch,4,10977.94,0.05,41716.16,4585.11,West,Credit Card,Corporate,0.1099120820324785
ORD1762,2025-11-27,CUST1069,Fashion,Jeans,1,3135.09,0.1,2821.58,536.41,South,COD,Consumer,0.1901097966387626
ORD1591,2025-11-27,CUST1033,Home & Kitchen,Mixer,3,3459.03,0.1,9339.39,1518.08,South,Wallet,Corporate,0.1625459478616912
ORD2195,2025-11-27,CUST1208,Home & Kitchen,Cookware Set,5,3063.32,0.15,13019.11,2152.63,North,UPI,Home Office,0.1653438675915634
ORD1763,2025-11-28,CUST1008,Home & Kitchen,Table Lamp,4,5094.13,0.05,19357.71,2049.22,East,COD,Home Office,0.1058606622374237
ORD1930,2025-11-28,CUST1200,Fashion,Jacket,4,3018.71,0.1,10867.37,2060.0,South,Wallet,Home Office,0.1895582831908732
ORD1570,2025-11-29,CUST1249,Electronics,Smartwatch,3,20074.02,0.0,60222.07,9043.56,North,UPI,Consumer,0.1501701950796443
ORD1336,2025-11-30,CUST1208,Electronics,Smartwatch,5,20599.46,0.1,92697.58,12737.57,West,Debit Card,Home Office,0.1374099518024095
ORD2102,2025-11-30,CUST1063,Home & Kitchen,Cookware Set,4,4435.02,0.15,15079.07,2626.7,South,COD,Consumer,0.1741950929334501
ORD2130,2025-11-30,CUST1002,Electronics,Smartphone,2,8462.03,0.1,15231.66,1745.7,East,Wallet,Corporate,0.1146099637203036
ORD1610,2025-11-30,CUST1221,Home & Kitchen,Cookware Set,1,2481.49,0.05,2357.42,266.94,East,UPI,Consumer,0.1132339591587413
ORD1420,2025-12-01,CUST1246,Electronics,Smartwatch,4,27194.47,0.0,108777.87,17831.88,South,UPI,Corporate,0.163929299222351
ORD1169,2025-12-01,CUST1202,Electronics,Headphones,5,27476.96,0.05,130515.54,17362.18,North,Credit Card,Home Office,0.1330276839064528
ORD1636,2025-12-01,CUST1242,Sports,Running Shoes,2,3933.49,0.05,7473.64,600.69,East,UPI,Home Office,0.0803744895392339
ORD1682,2025-12-01,CUST1075,Fashion,Jacket,1,1413.95,0.0,1413.95,184.66,West,Credit Card,Home Office,0.1305986774638424
ORD1731,2025-12-01,CUST1159,Fashion,Jeans,5,1046.94,0.05,4972.96,786.52,South,Debit Card,Corporate,0.1581593256330233
ORD1011,2025-12-01,CUST1103,Sports,Football,2,2975.66,0.1,5356.19,1027.83,East,Debit Card,Corporate,0.1918957318541724
ORD1415,2025-12-02,CUST1069,Beauty,Face Wash,2,1139.52,0.0,2279.03,426.87,South,Debit Card,Consumer,0.187303370293502
ORD1654,2025-12-02,CUST1098,Beauty,Perfume,5,752.45,0.05,3574.14,784.52,South,COD,Corporate,0.2194989563923069
ORD1818,2025-12-02,CUST1202,Fashion,Sneakers,4,2734.73,0.05,10391.97,1802.0,West,Wallet,Corporate,0.1734031179843667
ORD1175,2025-12-03,CUST1021,Electronics,Smartwatch,3,8863.13,0.1,23930.46,3415.58,North,UPI,Corporate,0.1427293917459171
ORD1331,2025-12-04,CUST1233,Home & Kitchen,Mixer,4,3123.23,0.0,12492.93,1817.21,West,Wallet,Corporate,0.1454590716509257
ORD1039,2025-12-04,CUST1173,Electronics,Laptop,3,24602.48,0.0,73807.44,10835.3,North,UPI,Home Office,0.1468049833458523
ORD1980,2025-12-04,CUST1211,Sports,Running Shoes,1,2911.61,0.15,2474.86,371.3,South,COD,Consumer,0.1500286884914702
ORD2152,2025-12-04,CUST1165,Sports,Football,3,2667.18,0.1,7201.39,885.65,North,Credit Card,Home Office,0.1229832018540865
ORD1489,2025-12-04,CUST1248,Fashion,Jeans,3,1119.07,0.1,3021.49,498.65,North,Debit Card,Home Office,0.1650344697483692
ORD1649,2025-12-04,CUST1208,Home & Kitchen,Mixer,3,2885.16,0.15,7357.15,1376.46,East,UPI,Consumer,0.1870914688432341
ORD1802,2025-12-04,CUST1093,Electronics,Headphones,3,17128.5,0.0,51385.5,6228.31,North,Wallet,Home Office,0.1212075390917671
ORD1722,2025-12-05,CUST1090,Sports,Yoga Mat,1,2624.18,0.1,2361.76,375.77,East,Credit Card,Home Office,0.1591059210080617
ORD1030,2025-12-05,CUST1076,Electronics,Headphones,5,17773.96,0.1,79982.84,14141.68,South,Debit Card,Consumer,0.1768089255145228
ORD1058,2025-12-05,CUST1175,Sports,Running Shoes,5,3840.98,0.0,19204.9,2747.63,West,UPI,Consumer,0.1430692167103187
ORD1988,2025-12-06,CUST1162,Home & Kitchen,Table Lamp,3,4329.65,0.0,12988.94,1994.75,West,Debit Card,Corporate,0.1535729628437732
ORD1684,2025-12-06,CUST1209,Fashion,Sneakers,2,3158.09,0.05,6000.36,1054.7,South,COD,Consumer,0.1757727869661154
ORD1735,2025-12-06,CUST1119,Sports,Running Shoes,2,4200.07,0.15,7140.12,773.22,North,Wallet,Home Office,0.1082922976084435
ORD1117,2025-12-06,CUST1097,Sports,Yoga Mat,5,2242.93,0.1,10093.18,2016.57,South,Debit Card,Consumer,0.1997953073263332
ORD1322,2025-12-06,CUST1050,Electronics,Smartwatch,1,23253.36,0.0,23253.36,2734.26,North,Wallet,Home Office,0.1175855876312068
ORD2079,2025-12-06,CUST1084,Electronics,Headphones,1,19630.93,0.05,18649.38,2194.46,West,COD,Corporate,0.1176693273449304
ORD1567,2025-12-06,CUST1007,Home & Kitchen,Table Lamp,4,3203.23,0.15,10890.97,1865.04,South,COD,Corporate,0.1712464546316811
ORD1272,2025-12-06,CUST1011,Beauty,Shampoo,4,1127.32,0.1,4058.34,928.61,West,COD,Corporate,0.2288152298723123
ORD1386,2025-12-06,CUST1250,Fashion,Jeans,3,1907.48,0.1,5150.2,1124.61,North,Debit Card,Consumer,0.2183623936934488
ORD1469,2025-12-07,CUST1007,Beauty,Face Wash,1,1179.39,0.0,1179.39,257.91,West,Debit Card,Consumer,0.2186808434868873
ORD1680,2025-12-08,CUST1232,Beauty,Shampoo,1,1333.94,0.1,1200.54,296.92,North,Debit Card,Corporate,0.2473220384160461
ORD1118,2025-12-08,CUST1050,Beauty,Perfume,1,1037.91,0.05,986.02,217.41,South,Credit Card,Consumer,0.2204924849394535
ORD1359,2025-12-08,CUST1140,Sports,Football,5,2900.84,0.05,13778.99,1874.92,East,COD,Consumer,0.1360709311785551
ORD1024,2025-12-08,CUST1012,Fashion,Jacket,3,2042.93,0.2,4903.04,912.16,North,UPI,Home Office,0.1860396815037201
ORD1229,2025-12-08,CUST1152,Fashion,Sneakers,5,1522.78,0.1,6852.52,1104.47,North,Debit Card,Corporate,0.1611772019636571
ORD1695,2025-12-08,CUST1005,Beauty,Shampoo,1,794.73,0.0,794.73,164.27,North,Wallet,Consumer,0.2066991305223157
ORD1249,2025-12-09,CUST1241,Fashion,Jeans,3,3373.81,0.15,8603.22,1773.59,West,Credit Card,Consumer,0.2061542073781677
ORD1969,2025-12-09,CUST1033,Fashion,Jacket,1,1443.1,0.05,1370.94,255.7,East,Wallet,Home Office,0.1865143624082746
ORD1777,2025-12-09,CUST1177,Fashion,Jeans,2,2363.12,0.05,4489.94,834.39,North,Wallet,Home Office,0.1858354454625229
ORD1339,2025-12-09,CUST1082,Beauty,Shampoo,2,1199.05,0.1,2158.29,309.2,East,Credit Card,Corporate,0.1432615635526273
ORD2015,2025-12-09,CUST1197,Home & Kitchen,Bedsheet,5,2022.86,0.0,10114.3,689.94,East,Wallet,Corporate,0.0682143104317649
ORD1587,2025-12-10,CUST1072,Beauty,Shampoo,4,558.44,0.0,2233.78,487.32,East,Credit Card,Corporate,0.218159353203986
ORD1959,2025-12-10,CUST1225,Sports,Running Shoes,4,3771.02,0.0,15084.07,3144.05,East,COD,Home Office,0.208435123942013
ORD1640,2025-12-10,CUST1004,Home & Kitchen,Cookware Set,1,2485.04,0.1,2236.53,397.54,South,Wallet,Corporate,0.1777485658587186
ORD1767,2025-12-11,CUST1040,Beauty,Shampoo,2,1004.06,0.1,1807.31,456.94,East,Wallet,Home Office,0.2528287897483
ORD2184,2025-12-12,CUST1102,Fashion,Jeans,5,2958.73,0.05,14053.97,1846.78,North,Wallet,Corporate,0.1314062859106715
ORD2048,2025-12-13,CUST1008,Sports,Yoga Mat,3,2274.59,0.1,6141.39,1219.87,North,COD,Corporate,0.1986309288288156
ORD2093,2025-12-13,CUST1104,Beauty,Moisturizer,2,972.91,0.15,1653.95,376.31,West,UPI,Home Office,0.2275219928051029
ORD1514,2025-12-13,CUST1141,Fashion,T-Shirt,2,1612.88,0.1,2903.18,560.69,South,UPI,Corporate,0.1931296027115094
ORD1548,2025-12-14,CUST1222,Home & Kitchen,Bedsheet,3,3058.2,0.2,7339.68,982.36,West,UPI,Corporate,0.1338423473502931
ORD1945,2025-12-15,CUST1141,Fashion,T-Shirt,4,1806.7,0.0,7226.81,1348.84,East,Debit Card,Home Office,0.1866438995905524
ORD1528,2025-12-15,CUST1131,Electronics,Headphones,5,12000.2,0.0,60001.0,10395.32,North,Wallet,Consumer,0.1732524457925701
ORD1200,2025-12-17,CUST1107,Beauty,Moisturizer,3,1612.0,0.1,4352.41,761.57,South,Debit Card,Corporate,0.1749766221472701
ORD1589,2025-12-17,CUST1002,Fashion,T-Shirt,2,3001.9,0.05,5703.6,1393.34,West,Debit Card,Home Office,0.2442913247773336
ORD1829,2025-12-17,CUST1156,Home & Kitchen,Table Lamp,3,2443.76,0.05,6964.72,710.14,West,Debit Card,Home Office,0.1019624622382522
ORD1897,2025-12-17,CUST1029,Beauty,Face Wash,1,1346.37,0.1,1211.74,183.92,North,COD,Consumer,0.1517817353557694
ORD1981,2025-12-17,CUST1158,Electronics,Smartphone,5,15040.31,0.05,71441.47,9471.4,South,Wallet,Consumer,0.1325756594874097
ORD1178,2025-12-18,CUST1047,Sports,Cricket Bat,5,3090.36,0.15,13134.03,1274.6,West,Credit Card,Home Office,0.0970456135702446
ORD2172,2025-12-18,CUST1079,Home & Kitchen,Mixer,2,4899.22,0.1,8818.6,1168.2,West,COD,Home Office,0.1324700065770077
ORD2193,2025-12-18,CUST1048,Sports,Football,5,2178.21,0.0,10891.03,2017.21,North,Wallet,Home Office,0.1852175597716653
ORD1540,2025-12-19,CUST1041,Sports,Football,4,3065.3,0.0,12261.21,2178.56,East,COD,Consumer,0.1776790382025917
ORD1300,2025-12-19,CUST1228,Home & Kitchen,Cookware Set,1,4630.64,0.0,4630.64,624.22,East,Wallet,Home Office,0.1348021007895237
ORD1214,2025-12-19,CUST1108,Fashion,Jeans,1,2036.69,0.05,1934.85,333.38,North,COD,Home Office,0.1723027624880481
ORD1290,2025-12-20,CUST1242,Fashion,Sneakers,3,3018.29,0.0,9054.87,1708.77,West,Debit Card,Consumer,0.1887128142093702
ORD1915,2025-12-21,CUST1182,Beauty,Perfume,1,1400.88,0.05,1330.83,256.35,North,Wallet,Home Office,0.1926241518450892
ORD1260,2025-12-21,CUST1243,Beauty,Perfume,2,1266.43,0.0,2532.85,298.62,West,UPI,Corporate,0.1178988096413131
ORD2081,2025-12-22,CUST1203,Fashion,Sneakers,3,3174.84,0.15,8095.85,1675.01,East,Credit Card,Consumer,0.2068973609935954
ORD2100,2025-12-22,CUST1067,Electronics,Laptop,5,15455.14,0.05,73411.91,15916.1,West,COD,Home Office,0.2168054202649134
ORD1474,2025-12-22,CUST1216,Electronics,Laptop,4,17661.58,0.15,60049.36,8364.49,West,UPI,Home Office,0.1392935744860561
ORD1697,2025-12-22,CUST1011,Fashion,T-Shirt,2,1622.34,0.05,3082.45,519.45,South,Debit Card,Corporate,0.1685185485571542
ORD1188,2025-12-23,CUST1236,Sports,Cricket Bat,2,1650.96,0.1,2971.73,563.03,West,Credit Card,Corporate,0.1894620305344025
ORD1213,2025-12-24,CUST1106,Fashion,Jacket,2,1328.93,0.1,2392.08,334.56,West,Credit Card,Home Office,0.1398615430922042
ORD1198,2025-12-25,CUST1225,Electronics,Headphones,3,17516.11,0.0,52548.33,7769.08,South,COD,Corporate,0.1478463730436343
ORD1112,2025-12-25,CUST1129,Beauty,Perfume,5,556.46,0.1,2504.07,573.06,South,Debit Card,Corporate,0.228851429872168
ORD1422,2025-12-26,CUST1011,Beauty,Perfume,2,1684.45,0.05,3200.45,696.18,East,UPI,Corporate,0.2175256604539986
ORD1929,2025-12-26,CUST1234,Sports,Football,4,1427.99,0.0,5711.98,863.05,East,UPI,Consumer,0.1510947167181958
ORD1052,2025-12-27,CUST1238,Fashion,Sneakers,5,1276.72,0.15,5426.05,937.73,East,UPI,Consumer,0.1728200071875489
ORD1612,2025-12-27,CUST1175,Sports,Yoga Mat,2,2251.23,0.15,3827.1,475.45,East,COD,Consumer,0.1242324475451386
ORD1877,2025-12-27,CUST1021,Fashion,Jacket,5,1581.46,0.05,7511.91,1114.35,South,Credit Card,Corporate,0.1483444290466738
ORD1910,2025-12-28,CUST1085,Beauty,Perfume,1,1333.61,0.0,1333.61,407.04,West,UPI,Corporate,0.3052166675414852
ORD1604,2025-12-28,CUST1089,Electronics,Laptop,1,13542.57,0.2,10834.05,1394.34,South,UPI,Home Office,0.1286997937059548
ORD1527,2025-12-28,CUST1048,Electronics,Headphones,2,9889.11,0.05,18789.3,2177.06,South,Debit Card,Consumer,0.1158670094149329
ORD2091,2025-12-29,CUST1178,Sports,Football,2,2291.94,0.1,4125.5,524.24,South,Debit Card,Consumer,0.1270730820506605
ORD1335,2025-12-30,CUST1073,Sports,Yoga Mat,2,2995.01,0.05,5690.53,970.6,North,Wallet,Corporate,0.1705640775112336
ORD1804,2025-12-30,CUST1098,Beauty,Moisturizer,3,1058.43,0.0,3175.3,671.93,East,Debit Card,Corporate,0.21161150127547
ORD2096,2025-12-30,CUST1236,Sports,Cricket Bat,1,1776.6,0.0,1776.6,356.88,South,Debit Card,Corporate,0.2008780817291455
ORD1075,2025-12-30,CUST1214,Electronics,Laptop,3,9765.48,0.0,29296.45,2961.34,South,COD,Corporate,0.101081871694352
ORD1699,2025-12-30,CUST1083,Home & Kitchen,Table Lamp,4,3217.54,0.0,12870.18,2138.35,South,Debit Card,Corporate,0.1661476374067806
ORD2047,2025-12-31,CUST1013,Sports,Cricket Bat,2,2929.19,0.0,5858.39,1045.97,North,COD,Consumer,0.1785422274720529
ORD1721,2025-12-31,CUST1231,Sports,Football,3,1278.76,0.15,3260.83,599.69,West,Wallet,Consumer,0.1839071647402655
ORD1597,2025-12-31,CUST1005,Beauty,Perfume,3,1854.89,0.0,5564.66,1259.75,West,Credit Card,Home Office,0.22638400189769
ORD1868,2025-12-31,CUST1007,Fashion,T-Shirt,2,2231.27,0.0,4462.54,749.15,South,Debit Card,Home Office,0.1678752459361708
